"date1","date2","date3","dateTime1","dateTime2","dateTime3","individual","lat","long"
"Apr 15, 2022","2022-04-15","04/15/22","2022-04-15 09:56PM","2022-04-15 21:56:00","2022-04-15 21h56m",1,-84.1778574955578,42.3355194964771
"Apr 15, 2022","2022-04-15","04/15/22","2022-04-15 10:11PM","2022-04-15 22:11:00","2022-04-15 22h11m",1,-84.1766568579897,42.3354728837969
"Apr 15, 2022","2022-04-15","04/15/22","2022-04-15 10:26PM","2022-04-15 22:26:00","2022-04-15 22h26m",1,-84.1757601493609,42.3354132047412
"Apr 15, 2022","2022-04-15","04/15/22","2022-04-15 10:41PM","2022-04-15 22:41:00","2022-04-15 22h41m",1,-84.1752916271239,42.3360631600521
"Apr 15, 2022","2022-04-15","04/15/22","2022-04-15 10:56PM","2022-04-15 22:56:00","2022-04-15 22h56m",1,-84.17409525809,42.3358724575333
"Apr 15, 2022","2022-04-15","04/15/22","2022-04-15 11:11PM","2022-04-15 23:11:00","2022-04-15 23h11m",1,-84.1729175508967,42.3358712220511
"Apr 15, 2022","2022-04-15","04/15/22","2022-04-15 11:26PM","2022-04-15 23:26:00","2022-04-15 23h26m",1,-84.172712651062,42.33500307367
"Apr 15, 2022","2022-04-15","04/15/22","2022-04-15 11:41PM","2022-04-15 23:41:00","2022-04-15 23h41m",1,-84.1704787256343,42.3341827943921
"Apr 15, 2022","2022-04-15","04/15/22","2022-04-15 11:56PM","2022-04-15 23:56:00","2022-04-15 23h56m",1,-84.1695418836756,42.3342485256645
"Apr 16, 2022","2022-04-16","04/16/22","2022-04-16 12:11AM","2022-04-16 00:11:00","2022-04-16 00h11m",1,-84.1685428790674,42.3335475232378
"Apr 16, 2022","2022-04-16","04/16/22","2022-04-16 12:26AM","2022-04-16 00:26:00","2022-04-16 00h26m",1,-84.1666299092552,42.3341827679173
"Apr 16, 2022","2022-04-16","04/16/22","2022-04-16 12:41AM","2022-04-16 00:41:00","2022-04-16 00h41m",1,-84.1659031247238,42.3341257993014
"Apr 16, 2022","2022-04-16","04/16/22","2022-04-16 12:56AM","2022-04-16 00:56:00","2022-04-16 00h56m",1,-84.1636256560218,42.3335478949061
"Apr 16, 2022","2022-04-16","04/16/22","2022-04-16 01:11AM","2022-04-16 01:11:00","2022-04-16 01h11m",1,-84.1618811304865,42.3334201207618
"Apr 16, 2022","2022-04-16","04/16/22","2022-04-16 01:26AM","2022-04-16 01:26:00","2022-04-16 01h26m",1,-84.1598143313309,42.3327014714164
"Apr 16, 2022","2022-04-16","04/16/22","2022-04-16 01:41AM","2022-04-16 01:41:00","2022-04-16 01h41m",1,-84.1583764492181,42.332470592548
"Apr 16, 2022","2022-04-16","04/16/22","2022-04-16 01:56AM","2022-04-16 01:56:00","2022-04-16 01h56m",1,-84.1564461733918,42.3316550393295
"Apr 16, 2022","2022-04-16","04/16/22","2022-04-16 02:11AM","2022-04-16 02:11:00","2022-04-16 02h11m",1,-84.1555417344028,42.3310455641298
"Apr 16, 2022","2022-04-16","04/16/22","2022-04-16 02:26AM","2022-04-16 02:26:00","2022-04-16 02h26m",1,-84.1552990517325,42.3306361825182
"Apr 16, 2022","2022-04-16","04/16/22","2022-04-16 02:41AM","2022-04-16 02:41:00","2022-04-16 02h41m",1,-84.1541236040914,42.33056272313
"Apr 16, 2022","2022-04-16","04/16/22","2022-04-16 02:56AM","2022-04-16 02:56:00","2022-04-16 02h56m",1,-84.1533594395179,42.3297303379527
"Apr 16, 2022","2022-04-16","04/16/22","2022-04-16 03:11AM","2022-04-16 03:11:00","2022-04-16 03h11m",1,-84.1512502329133,42.3292180222407
"Apr 16, 2022","2022-04-16","04/16/22","2022-04-16 03:26AM","2022-04-16 03:26:00","2022-04-16 03h26m",1,-84.1510900501733,42.3292964475548
"Apr 16, 2022","2022-04-16","04/16/22","2022-04-16 03:41AM","2022-04-16 03:41:00","2022-04-16 03h41m",1,-84.1506565003811,42.3287757971536
"Apr 16, 2022","2022-04-16","04/16/22","2022-04-16 03:56AM","2022-04-16 03:56:00","2022-04-16 03h56m",1,-84.1487512964769,42.3295550073098
"Apr 16, 2022","2022-04-16","04/16/22","2022-04-16 04:11AM","2022-04-16 04:11:00","2022-04-16 04h11m",1,-84.1484853068228,42.3303253208122
"Apr 16, 2022","2022-04-16","04/16/22","2022-04-16 04:26AM","2022-04-16 04:26:00","2022-04-16 04h26m",1,-84.1476367575722,42.3298788583096
"Apr 16, 2022","2022-04-16","04/16/22","2022-04-16 04:41AM","2022-04-16 04:41:00","2022-04-16 04h41m",1,-84.1473842290597,42.3289918520772
"Apr 16, 2022","2022-04-16","04/16/22","2022-04-16 04:56AM","2022-04-16 04:56:00","2022-04-16 04h56m",1,-84.1470668371583,42.3290496490131
"Apr 16, 2022","2022-04-16","04/16/22","2022-04-16 05:11AM","2022-04-16 05:11:00","2022-04-16 05h11m",1,-84.1449070761305,42.3282030673225
"Apr 16, 2022","2022-04-16","04/16/22","2022-04-16 05:26AM","2022-04-16 05:26:00","2022-04-16 05h26m",1,-84.1448053877677,42.3283545218893
"Apr 16, 2022","2022-04-16","04/16/22","2022-04-16 05:41AM","2022-04-16 05:41:00","2022-04-16 05h41m",1,-84.14249724363,42.3292080155305
"Apr 16, 2022","2022-04-16","04/16/22","2022-04-16 05:56AM","2022-04-16 05:56:00","2022-04-16 05h56m",1,-84.1415637786908,42.3299672195399
"Apr 16, 2022","2022-04-16","04/16/22","2022-04-16 06:11AM","2022-04-16 06:11:00","2022-04-16 06h11m",1,-84.1403437936405,42.3301631296429
"Apr 16, 2022","2022-04-16","04/16/22","2022-04-16 06:26AM","2022-04-16 06:26:00","2022-04-16 06h26m",1,-84.1398142265406,42.3300101834979
"Apr 16, 2022","2022-04-16","04/16/22","2022-04-16 06:41AM","2022-04-16 06:41:00","2022-04-16 06h41m",1,-84.1385424287839,42.3303133129369
"Apr 16, 2022","2022-04-16","04/16/22","2022-04-16 06:56AM","2022-04-16 06:56:00","2022-04-16 06h56m",1,-84.1363665150908,42.3296014265976
"Apr 16, 2022","2022-04-16","04/16/22","2022-04-16 07:11AM","2022-04-16 07:11:00","2022-04-16 07h11m",1,-84.1349713100908,42.3303708957544
"Apr 16, 2022","2022-04-16","04/16/22","2022-04-16 07:26AM","2022-04-16 07:26:00","2022-04-16 07h26m",1,-84.133267395206,42.3309099835997
"Apr 16, 2022","2022-04-16","04/16/22","2022-04-16 07:41AM","2022-04-16 07:41:00","2022-04-16 07h41m",1,-84.1322400442777,42.3307576971276
"Apr 16, 2022","2022-04-16","04/16/22","2022-04-16 07:56AM","2022-04-16 07:56:00","2022-04-16 07h56m",1,-84.1308432933273,42.3311757634508
"Apr 16, 2022","2022-04-16","04/16/22","2022-04-16 08:11AM","2022-04-16 08:11:00","2022-04-16 08h11m",1,-84.1285193579669,42.3305423282276
"Apr 16, 2022","2022-04-16","04/16/22","2022-04-16 08:26AM","2022-04-16 08:26:00","2022-04-16 08h26m",1,-84.1263007175096,42.3308384768302
"Apr 16, 2022","2022-04-16","04/16/22","2022-04-16 08:41AM","2022-04-16 08:41:00","2022-04-16 08h41m",1,-84.1241345893678,42.3302075966549
"Apr 16, 2022","2022-04-16","04/16/22","2022-04-16 08:56AM","2022-04-16 08:56:00","2022-04-16 08h56m",1,-84.1236939035958,42.3303263195026
"Apr 16, 2022","2022-04-16","04/16/22","2022-04-16 09:11AM","2022-04-16 09:11:00","2022-04-16 09h11m",1,-84.1235949057907,42.3303877169639
"Apr 16, 2022","2022-04-16","04/16/22","2022-04-16 09:26AM","2022-04-16 09:26:00","2022-04-16 09h26m",1,-84.1219010116644,42.3301971232588
"Apr 16, 2022","2022-04-16","04/16/22","2022-04-16 09:41AM","2022-04-16 09:41:00","2022-04-16 09h41m",1,-84.1212739066576,42.3304568400235
"Apr 16, 2022","2022-04-16","04/16/22","2022-04-16 09:56AM","2022-04-16 09:56:00","2022-04-16 09h56m",1,-84.119391335551,42.3296864989423
"Apr 16, 2022","2022-04-16","04/16/22","2022-04-16 10:11AM","2022-04-16 10:11:00","2022-04-16 10h11m",1,-84.1186127801542,42.3293400886719
"Apr 16, 2022","2022-04-16","04/16/22","2022-04-16 10:26AM","2022-04-16 10:26:00","2022-04-16 10h26m",1,-84.1183960131167,42.3292823902729
"Apr 16, 2022","2022-04-16","04/16/22","2022-04-16 10:41AM","2022-04-16 10:41:00","2022-04-16 10h41m",1,-84.1177146045064,42.3301267221187
"Apr 16, 2022","2022-04-16","04/16/22","2022-04-16 10:56AM","2022-04-16 10:56:00","2022-04-16 10h56m",1,-84.1163924831623,42.3296900686256
"Apr 16, 2022","2022-04-16","04/16/22","2022-04-16 11:11AM","2022-04-16 11:11:00","2022-04-16 11h11m",1,-84.115285495566,42.3297614988393
"Apr 16, 2022","2022-04-16","04/16/22","2022-04-16 11:26AM","2022-04-16 11:26:00","2022-04-16 11h26m",1,-84.1137827670432,42.3288803565888
"Apr 16, 2022","2022-04-16","04/16/22","2022-04-16 11:41AM","2022-04-16 11:41:00","2022-04-16 11h41m",1,-84.1136716368757,42.3281487976917
"Apr 16, 2022","2022-04-16","04/16/22","2022-04-16 11:56AM","2022-04-16 11:56:00","2022-04-16 11h56m",1,-84.1113573770753,42.327208886196
"Apr 16, 2022","2022-04-16","04/16/22","2022-04-16 12:11PM","2022-04-16 12:11:00","2022-04-16 12h11m",1,-84.1102746693879,42.3276770496877
"Apr 16, 2022","2022-04-16","04/16/22","2022-04-16 12:26PM","2022-04-16 12:26:00","2022-04-16 12h26m",1,-84.1094669135222,42.3278886069414
"Apr 16, 2022","2022-04-16","04/16/22","2022-04-16 12:41PM","2022-04-16 12:41:00","2022-04-16 12h41m",1,-84.1085215282218,42.3282329574647
"Apr 16, 2022","2022-04-16","04/16/22","2022-04-16 12:56PM","2022-04-16 12:56:00","2022-04-16 12h56m",1,-84.1074167717021,42.3282322816186
"Apr 16, 2022","2022-04-16","04/16/22","2022-04-16 01:11PM","2022-04-16 13:11:00","2022-04-16 13h11m",1,-84.1057388340735,42.3291047164136
"Apr 16, 2022","2022-04-16","04/16/22","2022-04-16 01:26PM","2022-04-16 13:26:00","2022-04-16 13h26m",1,-84.1047129655097,42.3289071648481
"Apr 16, 2022","2022-04-16","04/16/22","2022-04-16 01:41PM","2022-04-16 13:41:00","2022-04-16 13h41m",1,-84.1036477927706,42.3295917672172
"Apr 16, 2022","2022-04-16","04/16/22","2022-04-16 01:56PM","2022-04-16 13:56:00","2022-04-16 13h56m",1,-84.1025209638418,42.3295186025611
"Apr 16, 2022","2022-04-16","04/16/22","2022-04-16 02:11PM","2022-04-16 14:11:00","2022-04-16 14h11m",1,-84.1006534756451,42.3290544941825
"Apr 16, 2022","2022-04-16","04/16/22","2022-04-16 02:26PM","2022-04-16 14:26:00","2022-04-16 14h26m",1,-84.1000363944368,42.3297736984932
"Apr 16, 2022","2022-04-16","04/16/22","2022-04-16 02:41PM","2022-04-16 14:41:00","2022-04-16 14h41m",1,-84.0998532675111,42.3298066210918
"Apr 16, 2022","2022-04-16","04/16/22","2022-04-16 02:56PM","2022-04-16 14:56:00","2022-04-16 14h56m",1,-84.0991920874758,42.3292008259547
"Apr 16, 2022","2022-04-16","04/16/22","2022-04-16 03:11PM","2022-04-16 15:11:00","2022-04-16 15h11m",1,-84.0989580198117,42.3289175846036
"Apr 16, 2022","2022-04-16","04/16/22","2022-04-16 03:26PM","2022-04-16 15:26:00","2022-04-16 15h26m",1,-84.0973182982547,42.3297274884613
"Apr 16, 2022","2022-04-16","04/16/22","2022-04-16 03:41PM","2022-04-16 15:41:00","2022-04-16 15h41m",1,-84.095671604084,42.3287986135432
"Apr 16, 2022","2022-04-16","04/16/22","2022-04-16 03:56PM","2022-04-16 15:56:00","2022-04-16 15h56m",1,-84.0955902848987,42.3286801185713
"Apr 16, 2022","2022-04-16","04/16/22","2022-04-16 04:11PM","2022-04-16 16:11:00","2022-04-16 16h11m",1,-84.0952868114753,42.3290713239393
"Apr 16, 2022","2022-04-16","04/16/22","2022-04-16 04:26PM","2022-04-16 16:26:00","2022-04-16 16h26m",1,-84.0943768985735,42.3294431888695
"Apr 16, 2022","2022-04-16","04/16/22","2022-04-16 04:41PM","2022-04-16 16:41:00","2022-04-16 16h41m",1,-84.0931284737688,42.3301606068618
"Apr 16, 2022","2022-04-16","04/16/22","2022-04-16 04:56PM","2022-04-16 16:56:00","2022-04-16 16h56m",1,-84.0928786790995,42.3307779334152
"Apr 16, 2022","2022-04-16","04/16/22","2022-04-16 05:11PM","2022-04-16 17:11:00","2022-04-16 17h11m",1,-84.0909338051749,42.3308528564236
"Apr 16, 2022","2022-04-16","04/16/22","2022-04-16 05:26PM","2022-04-16 17:26:00","2022-04-16 17h26m",1,-84.0889194321012,42.3316021961936
"Apr 16, 2022","2022-04-16","04/16/22","2022-04-16 05:41PM","2022-04-16 17:41:00","2022-04-16 17h41m",1,-84.0872578210484,42.3315467692311
"Apr 16, 2022","2022-04-16","04/16/22","2022-04-16 05:56PM","2022-04-16 17:56:00","2022-04-16 17h56m",1,-84.0860012353213,42.3317414787475
"Apr 16, 2022","2022-04-16","04/16/22","2022-04-16 06:11PM","2022-04-16 18:11:00","2022-04-16 18h11m",1,-84.0840563240532,42.3318162851423
"Apr 16, 2022","2022-04-16","04/16/22","2022-04-16 06:26PM","2022-04-16 18:26:00","2022-04-16 18h26m",1,-84.0830954409389,42.3318718913283
"Apr 16, 2022","2022-04-16","04/16/22","2022-04-16 06:41PM","2022-04-16 18:41:00","2022-04-16 18h41m",1,-84.0828380072616,42.3315611903937
"Apr 16, 2022","2022-04-16","04/16/22","2022-04-16 06:56PM","2022-04-16 18:56:00","2022-04-16 18h56m",1,-84.0814694498183,42.3306729102182
"Apr 16, 2022","2022-04-16","04/16/22","2022-04-16 07:11PM","2022-04-16 19:11:00","2022-04-16 19h11m",1,-84.0791349185928,42.3311733586905
"Apr 16, 2022","2022-04-16","04/16/22","2022-04-16 07:26PM","2022-04-16 19:26:00","2022-04-16 19h26m",1,-84.0787925083163,42.3304738229286
"Apr 16, 2022","2022-04-16","04/16/22","2022-04-16 07:41PM","2022-04-16 19:41:00","2022-04-16 19h41m",1,-84.0786629619587,42.3303454787793
"Apr 16, 2022","2022-04-16","04/16/22","2022-04-16 07:56PM","2022-04-16 19:56:00","2022-04-16 19h56m",1,-84.077611585472,42.3309670212527
"Apr 16, 2022","2022-04-16","04/16/22","2022-04-16 08:11PM","2022-04-16 20:11:00","2022-04-16 20h11m",1,-84.0754928667592,42.3311648148144
"Apr 16, 2022","2022-04-16","04/16/22","2022-04-16 08:26PM","2022-04-16 20:26:00","2022-04-16 20h26m",1,-84.0749815957053,42.3319848026217
"Apr 16, 2022","2022-04-16","04/16/22","2022-04-16 08:41PM","2022-04-16 20:41:00","2022-04-16 20h41m",1,-84.0746615902629,42.3321234322538
"Apr 16, 2022","2022-04-16","04/16/22","2022-04-16 08:56PM","2022-04-16 20:56:00","2022-04-16 20h56m",1,-84.0727801660902,42.3324964219202
"Apr 16, 2022","2022-04-16","04/16/22","2022-04-16 09:11PM","2022-04-16 21:11:00","2022-04-16 21h11m",1,-84.071021166944,42.3316733573163
"Apr 16, 2022","2022-04-16","04/16/22","2022-04-16 09:26PM","2022-04-16 21:26:00","2022-04-16 21h26m",1,-84.0700659250475,42.3323235150176
"Apr 16, 2022","2022-04-16","04/16/22","2022-04-16 09:41PM","2022-04-16 21:41:00","2022-04-16 21h41m",1,-84.0690959964275,42.3315050203728
"Apr 16, 2022","2022-04-16","04/16/22","2022-04-16 09:56PM","2022-04-16 21:56:00","2022-04-16 21h56m",1,-84.0672072263644,42.331724647017
"Apr 16, 2022","2022-04-16","04/16/22","2022-04-16 10:11PM","2022-04-16 22:11:00","2022-04-16 22h11m",1,-84.0663558435033,42.3313856289859
"Apr 16, 2022","2022-04-16","04/16/22","2022-04-16 10:26PM","2022-04-16 22:26:00","2022-04-16 22h26m",1,-84.064415478646,42.3309286771404
"Apr 16, 2022","2022-04-16","04/16/22","2022-04-16 10:41PM","2022-04-16 22:41:00","2022-04-16 22h41m",1,-84.0632361721289,42.330980338407
"Apr 15, 2022","2022-04-15","04/15/22","2022-04-15 09:56PM","2022-04-15 21:56:00","2022-04-15 21h56m",2,-84.0536592724455,42.4235115128419
"Apr 15, 2022","2022-04-15","04/15/22","2022-04-15 10:11PM","2022-04-15 22:11:00","2022-04-15 22h11m",2,-84.0543430245643,42.424190010234
"Apr 15, 2022","2022-04-15","04/15/22","2022-04-15 10:26PM","2022-04-15 22:26:00","2022-04-15 22h26m",2,-84.0549798793951,42.4236605632594
"Apr 15, 2022","2022-04-15","04/15/22","2022-04-15 10:41PM","2022-04-15 22:41:00","2022-04-15 22h41m",2,-84.0562988686723,42.4234762595048
"Apr 15, 2022","2022-04-15","04/15/22","2022-04-15 10:56PM","2022-04-15 22:56:00","2022-04-15 22h56m",2,-84.0566184438813,42.4237520550778
"Apr 15, 2022","2022-04-15","04/15/22","2022-04-15 11:11PM","2022-04-15 23:11:00","2022-04-15 23h11m",2,-84.057241261563,42.4240511250496
"Apr 15, 2022","2022-04-15","04/15/22","2022-04-15 11:26PM","2022-04-15 23:26:00","2022-04-15 23h26m",2,-84.0575011434033,42.4246772104201
"Apr 15, 2022","2022-04-15","04/15/22","2022-04-15 11:41PM","2022-04-15 23:41:00","2022-04-15 23h41m",2,-84.0592831408674,42.4240775041372
"Apr 15, 2022","2022-04-15","04/15/22","2022-04-15 11:56PM","2022-04-15 23:56:00","2022-04-15 23h56m",2,-84.0600589640552,42.4237666381519
"Apr 16, 2022","2022-04-16","04/16/22","2022-04-16 12:11AM","2022-04-16 00:11:00","2022-04-16 00h11m",2,-84.061602975938,42.4230006243847
"Apr 16, 2022","2022-04-16","04/16/22","2022-04-16 12:26AM","2022-04-16 00:26:00","2022-04-16 00h26m",2,-84.0617683814953,42.4223819071299
"Apr 16, 2022","2022-04-16","04/16/22","2022-04-16 12:41AM","2022-04-16 00:41:00","2022-04-16 00h41m",2,-84.0640125423612,42.4225468280863
"Apr 16, 2022","2022-04-16","04/16/22","2022-04-16 12:56AM","2022-04-16 00:56:00","2022-04-16 00h56m",2,-84.0646910756396,42.4226216105619
"Apr 16, 2022","2022-04-16","04/16/22","2022-04-16 01:11AM","2022-04-16 01:11:00","2022-04-16 01h11m",2,-84.0654326370299,42.4226254103635
"Apr 16, 2022","2022-04-16","04/16/22","2022-04-16 01:26AM","2022-04-16 01:26:00","2022-04-16 01h26m",2,-84.0674105712775,42.4235243539753
"Apr 16, 2022","2022-04-16","04/16/22","2022-04-16 01:41AM","2022-04-16 01:41:00","2022-04-16 01h41m",2,-84.0678960968776,42.423550745618
"Apr 16, 2022","2022-04-16","04/16/22","2022-04-16 01:56AM","2022-04-16 01:56:00","2022-04-16 01h56m",2,-84.0693354386908,42.4234044018076
"Apr 16, 2022","2022-04-16","04/16/22","2022-04-16 02:11AM","2022-04-16 02:11:00","2022-04-16 02h11m",2,-84.0693473051887,42.4238009747627
"Apr 16, 2022","2022-04-16","04/16/22","2022-04-16 02:26AM","2022-04-16 02:26:00","2022-04-16 02h26m",2,-84.0693359977362,42.4241611148083
"Apr 16, 2022","2022-04-16","04/16/22","2022-04-16 02:41AM","2022-04-16 02:41:00","2022-04-16 02h41m",2,-84.0699164876086,42.4242612013943
"Apr 16, 2022","2022-04-16","04/16/22","2022-04-16 02:56AM","2022-04-16 02:56:00","2022-04-16 02h56m",2,-84.0711240979861,42.4241378673236
"Apr 16, 2022","2022-04-16","04/16/22","2022-04-16 03:11AM","2022-04-16 03:11:00","2022-04-16 03h11m",2,-84.0718068920654,42.4240775551952
"Apr 16, 2022","2022-04-16","04/16/22","2022-04-16 03:26AM","2022-04-16 03:26:00","2022-04-16 03h26m",2,-84.0728093157037,42.4239056296409
"Apr 16, 2022","2022-04-16","04/16/22","2022-04-16 03:41AM","2022-04-16 03:41:00","2022-04-16 03h41m",2,-84.0730529472522,42.4242791638143
"Apr 16, 2022","2022-04-16","04/16/22","2022-04-16 03:56AM","2022-04-16 03:56:00","2022-04-16 03h56m",2,-84.0747043014732,42.4247399596577
"Apr 16, 2022","2022-04-16","04/16/22","2022-04-16 04:11AM","2022-04-16 04:11:00","2022-04-16 04h11m",2,-84.0757174715017,42.4246132351877
"Apr 16, 2022","2022-04-16","04/16/22","2022-04-16 04:26AM","2022-04-16 04:26:00","2022-04-16 04h26m",2,-84.0763154010962,42.4237677111798
"Apr 16, 2022","2022-04-16","04/16/22","2022-04-16 04:41AM","2022-04-16 04:41:00","2022-04-16 04h41m",2,-84.0777999116117,42.4233427781023
"Apr 16, 2022","2022-04-16","04/16/22","2022-04-16 04:56AM","2022-04-16 04:56:00","2022-04-16 04h56m",2,-84.0792957687021,42.4233324049321
"Apr 16, 2022","2022-04-16","04/16/22","2022-04-16 05:11AM","2022-04-16 05:11:00","2022-04-16 05h11m",2,-84.0798245033905,42.4231432865357
"Apr 16, 2022","2022-04-16","04/16/22","2022-04-16 05:26AM","2022-04-16 05:26:00","2022-04-16 05h26m",2,-84.0801818251867,42.4237709878498
"Apr 16, 2022","2022-04-16","04/16/22","2022-04-16 05:41AM","2022-04-16 05:41:00","2022-04-16 05h41m",2,-84.0809795986615,42.4235324250214
"Apr 16, 2022","2022-04-16","04/16/22","2022-04-16 05:56AM","2022-04-16 05:56:00","2022-04-16 05h56m",2,-84.0828342141011,42.424104685824
"Apr 16, 2022","2022-04-16","04/16/22","2022-04-16 06:11AM","2022-04-16 06:11:00","2022-04-16 06h11m",2,-84.0839895393931,42.4240974303038
"Apr 16, 2022","2022-04-16","04/16/22","2022-04-16 06:26AM","2022-04-16 06:26:00","2022-04-16 06h26m",2,-84.0859926519055,42.4249784630008
"Apr 16, 2022","2022-04-16","04/16/22","2022-04-16 06:41AM","2022-04-16 06:41:00","2022-04-16 06h41m",2,-84.0882583094371,42.4256297248563
"Apr 16, 2022","2022-04-16","04/16/22","2022-04-16 06:56AM","2022-04-16 06:56:00","2022-04-16 06h56m",2,-84.0896909377971,42.4256992111424
"Apr 16, 2022","2022-04-16","04/16/22","2022-04-16 07:11AM","2022-04-16 07:11:00","2022-04-16 07h11m",2,-84.0918052542703,42.424960538695
"Apr 16, 2022","2022-04-16","04/16/22","2022-04-16 07:26AM","2022-04-16 07:26:00","2022-04-16 07h26m",2,-84.0928188116584,42.4244282957774
"Apr 16, 2022","2022-04-16","04/16/22","2022-04-16 07:41AM","2022-04-16 07:41:00","2022-04-16 07h41m",2,-84.0938600230364,42.4245721389347
"Apr 16, 2022","2022-04-16","04/16/22","2022-04-16 07:56AM","2022-04-16 07:56:00","2022-04-16 07h56m",2,-84.0950416450888,42.4252858851035
"Apr 16, 2022","2022-04-16","04/16/22","2022-04-16 08:11AM","2022-04-16 08:11:00","2022-04-16 08h11m",2,-84.0974643894927,42.4255793031317
"Apr 16, 2022","2022-04-16","04/16/22","2022-04-16 08:26AM","2022-04-16 08:26:00","2022-04-16 08h26m",2,-84.099040553165,42.4249394545564
"Apr 16, 2022","2022-04-16","04/16/22","2022-04-16 08:41AM","2022-04-16 08:41:00","2022-04-16 08h41m",2,-84.1004193711415,42.4247826858649
"Apr 16, 2022","2022-04-16","04/16/22","2022-04-16 08:56AM","2022-04-16 08:56:00","2022-04-16 08h56m",2,-84.1016104970612,42.4240101541459
"Apr 16, 2022","2022-04-16","04/16/22","2022-04-16 09:11AM","2022-04-16 09:11:00","2022-04-16 09h11m",2,-84.1021558111188,42.4248571698847
"Apr 16, 2022","2022-04-16","04/16/22","2022-04-16 09:26AM","2022-04-16 09:26:00","2022-04-16 09h26m",2,-84.1022933037059,42.4251297491317
"Apr 16, 2022","2022-04-16","04/16/22","2022-04-16 09:41AM","2022-04-16 09:41:00","2022-04-16 09h41m",2,-84.1028306752188,42.424265049271
"Apr 16, 2022","2022-04-16","04/16/22","2022-04-16 09:56AM","2022-04-16 09:56:00","2022-04-16 09h56m",2,-84.1045191780172,42.4235279384991
"Apr 16, 2022","2022-04-16","04/16/22","2022-04-16 10:11AM","2022-04-16 10:11:00","2022-04-16 10h11m",2,-84.105887907207,42.4240915977622
"Apr 16, 2022","2022-04-16","04/16/22","2022-04-16 10:26AM","2022-04-16 10:26:00","2022-04-16 10h26m",2,-84.1072059750078,42.4235373553926
"Apr 16, 2022","2022-04-16","04/16/22","2022-04-16 10:41AM","2022-04-16 10:41:00","2022-04-16 10h41m",2,-84.1077515371086,42.4227988879963
"Apr 16, 2022","2022-04-16","04/16/22","2022-04-16 10:56AM","2022-04-16 10:56:00","2022-04-16 10h56m",2,-84.1091249885571,42.423209447387
"Apr 16, 2022","2022-04-16","04/16/22","2022-04-16 11:11AM","2022-04-16 11:11:00","2022-04-16 11h11m",2,-84.1114380713634,42.4235097270811
"Apr 16, 2022","2022-04-16","04/16/22","2022-04-16 11:26AM","2022-04-16 11:26:00","2022-04-16 11h26m",2,-84.1130029843936,42.4232298309095
"Apr 16, 2022","2022-04-16","04/16/22","2022-04-16 11:41AM","2022-04-16 11:41:00","2022-04-16 11h41m",2,-84.1148658920995,42.422747741071
"Apr 16, 2022","2022-04-16","04/16/22","2022-04-16 11:56AM","2022-04-16 11:56:00","2022-04-16 11h56m",2,-84.1161543223818,42.4231567840991
"Apr 16, 2022","2022-04-16","04/16/22","2022-04-16 12:11PM","2022-04-16 12:11:00","2022-04-16 12h11m",2,-84.1163429654334,42.4233491319569
"Apr 16, 2022","2022-04-16","04/16/22","2022-04-16 12:26PM","2022-04-16 12:26:00","2022-04-16 12h26m",2,-84.118611013483,42.4227386732813
"Apr 16, 2022","2022-04-16","04/16/22","2022-04-16 12:41PM","2022-04-16 12:41:00","2022-04-16 12h41m",2,-84.1206990491025,42.4232421739656
"Apr 16, 2022","2022-04-16","04/16/22","2022-04-16 12:56PM","2022-04-16 12:56:00","2022-04-16 12h56m",2,-84.1227240050639,42.4226275536281
"Apr 16, 2022","2022-04-16","04/16/22","2022-04-16 01:11PM","2022-04-16 13:11:00","2022-04-16 13h11m",2,-84.1243046316333,42.4226270239722
"Apr 16, 2022","2022-04-16","04/16/22","2022-04-16 01:26PM","2022-04-16 13:26:00","2022-04-16 13h26m",2,-84.1257195196401,42.4224795655307
"Apr 16, 2022","2022-04-16","04/16/22","2022-04-16 01:41PM","2022-04-16 13:41:00","2022-04-16 13h41m",2,-84.1274396596408,42.4226885184412
"Apr 16, 2022","2022-04-16","04/16/22","2022-04-16 01:56PM","2022-04-16 13:56:00","2022-04-16 13h56m",2,-84.1277452254356,42.4218378453576
"Apr 16, 2022","2022-04-16","04/16/22","2022-04-16 02:11PM","2022-04-16 14:11:00","2022-04-16 14h11m",2,-84.1293482180993,42.4219006783785
"Apr 16, 2022","2022-04-16","04/16/22","2022-04-16 02:26PM","2022-04-16 14:26:00","2022-04-16 14h26m",2,-84.129330401304,42.4224859170071
"Apr 16, 2022","2022-04-16","04/16/22","2022-04-16 02:41PM","2022-04-16 14:41:00","2022-04-16 14h41m",2,-84.1296020498812,42.4231480586852
"Apr 16, 2022","2022-04-16","04/16/22","2022-04-16 02:56PM","2022-04-16 14:56:00","2022-04-16 14h56m",2,-84.1306818741285,42.4228237832194
"Apr 16, 2022","2022-04-16","04/16/22","2022-04-16 03:11PM","2022-04-16 15:11:00","2022-04-16 15h11m",2,-84.1311601311158,42.42348937106
"Apr 16, 2022","2022-04-16","04/16/22","2022-04-16 03:26PM","2022-04-16 15:26:00","2022-04-16 15h26m",2,-84.1329848800192,42.4242584975663
"Apr 16, 2022","2022-04-16","04/16/22","2022-04-16 03:41PM","2022-04-16 15:41:00","2022-04-16 15h41m",2,-84.134735286548,42.4238733011566
"Apr 16, 2022","2022-04-16","04/16/22","2022-04-16 03:56PM","2022-04-16 15:56:00","2022-04-16 15h56m",2,-84.1359200920381,42.4244965907423
"Apr 16, 2022","2022-04-16","04/16/22","2022-04-16 04:11PM","2022-04-16 16:11:00","2022-04-16 16h11m",2,-84.1364582256833,42.4247938149261
"Apr 16, 2022","2022-04-16","04/16/22","2022-04-16 04:26PM","2022-04-16 16:26:00","2022-04-16 16h26m",2,-84.1377839715287,42.4247798467891
"Apr 16, 2022","2022-04-16","04/16/22","2022-04-16 04:41PM","2022-04-16 16:41:00","2022-04-16 16h41m",2,-84.139851194957,42.4251745506479
"Apr 16, 2022","2022-04-16","04/16/22","2022-04-16 04:56PM","2022-04-16 16:56:00","2022-04-16 16h56m",2,-84.1415729866172,42.4257346379189
"Apr 16, 2022","2022-04-16","04/16/22","2022-04-16 05:11PM","2022-04-16 17:11:00","2022-04-16 17h11m",2,-84.142104923606,42.4250318197301
"Apr 16, 2022","2022-04-16","04/16/22","2022-04-16 05:26PM","2022-04-16 17:26:00","2022-04-16 17h26m",2,-84.1436136918494,42.4253991672994
"Apr 16, 2022","2022-04-16","04/16/22","2022-04-16 05:41PM","2022-04-16 17:41:00","2022-04-16 17h41m",2,-84.145361539837,42.425500210461
"Apr 16, 2022","2022-04-16","04/16/22","2022-04-16 05:56PM","2022-04-16 17:56:00","2022-04-16 17h56m",2,-84.1473305911446,42.4255238150736
"Apr 16, 2022","2022-04-16","04/16/22","2022-04-16 06:11PM","2022-04-16 18:11:00","2022-04-16 18h11m",2,-84.1486528809791,42.4252214013648
"Apr 16, 2022","2022-04-16","04/16/22","2022-04-16 06:26PM","2022-04-16 18:26:00","2022-04-16 18h26m",2,-84.1493843900945,42.4259631647105
"Apr 16, 2022","2022-04-16","04/16/22","2022-04-16 06:41PM","2022-04-16 18:41:00","2022-04-16 18h41m",2,-84.1496257199101,42.4268319425711
"Apr 16, 2022","2022-04-16","04/16/22","2022-04-16 06:56PM","2022-04-16 18:56:00","2022-04-16 18h56m",2,-84.1514189789793,42.4270417419083
"Apr 16, 2022","2022-04-16","04/16/22","2022-04-16 07:11PM","2022-04-16 19:11:00","2022-04-16 19h11m",2,-84.1525875563235,42.4274033500734
"Apr 16, 2022","2022-04-16","04/16/22","2022-04-16 07:26PM","2022-04-16 19:26:00","2022-04-16 19h26m",2,-84.1537181143751,42.4270076307158
"Apr 16, 2022","2022-04-16","04/16/22","2022-04-16 07:41PM","2022-04-16 19:41:00","2022-04-16 19h41m",2,-84.1560891067379,42.426199953282
"Apr 16, 2022","2022-04-16","04/16/22","2022-04-16 07:56PM","2022-04-16 19:56:00","2022-04-16 19h56m",2,-84.158274503913,42.4254972713375
"Apr 16, 2022","2022-04-16","04/16/22","2022-04-16 08:11PM","2022-04-16 20:11:00","2022-04-16 20h11m",2,-84.1588111182409,42.4250376764133
"Apr 16, 2022","2022-04-16","04/16/22","2022-04-16 08:26PM","2022-04-16 20:26:00","2022-04-16 20h26m",2,-84.1592010716158,42.4241973226248
"Apr 16, 2022","2022-04-16","04/16/22","2022-04-16 08:41PM","2022-04-16 20:41:00","2022-04-16 20h41m",2,-84.1608160203374,42.4238635513322
"Apr 16, 2022","2022-04-16","04/16/22","2022-04-16 08:56PM","2022-04-16 20:56:00","2022-04-16 20h56m",2,-84.1612175984051,42.4238521349761
"Apr 16, 2022","2022-04-16","04/16/22","2022-04-16 09:11PM","2022-04-16 21:11:00","2022-04-16 21h11m",2,-84.1629276279338,42.4239973302185
"Apr 16, 2022","2022-04-16","04/16/22","2022-04-16 09:26PM","2022-04-16 21:26:00","2022-04-16 21h26m",2,-84.1632811341157,42.4239671009988
"Apr 16, 2022","2022-04-16","04/16/22","2022-04-16 09:41PM","2022-04-16 21:41:00","2022-04-16 21h41m",2,-84.1649932768258,42.4236348667442
"Apr 16, 2022","2022-04-16","04/16/22","2022-04-16 09:56PM","2022-04-16 21:56:00","2022-04-16 21h56m",2,-84.1659841492598,42.4238402849738
"Apr 16, 2022","2022-04-16","04/16/22","2022-04-16 10:11PM","2022-04-16 22:11:00","2022-04-16 22h11m",2,-84.1661354131297,42.4240679686899
"Apr 16, 2022","2022-04-16","04/16/22","2022-04-16 10:26PM","2022-04-16 22:26:00","2022-04-16 22h26m",2,-84.1661241753697,42.4248514954446
"Apr 16, 2022","2022-04-16","04/16/22","2022-04-16 10:41PM","2022-04-16 22:41:00","2022-04-16 22h41m",2,-84.1683585625845,42.4241314101903
"Apr 15, 2022","2022-04-15","04/15/22","2022-04-15 09:56PM","2022-04-15 21:56:00","2022-04-15 21h56m",3,-84.055082793827,42.3784940156542
"Apr 15, 2022","2022-04-15","04/15/22","2022-04-15 10:11PM","2022-04-15 22:11:00","2022-04-15 22h11m",3,-84.0568308206135,42.3789297457731
"Apr 15, 2022","2022-04-15","04/15/22","2022-04-15 10:26PM","2022-04-15 22:26:00","2022-04-15 22h26m",3,-84.0589665321347,42.3782461108148
"Apr 15, 2022","2022-04-15","04/15/22","2022-04-15 10:41PM","2022-04-15 22:41:00","2022-04-15 22h41m",3,-84.0596455571194,42.3775191850814
"Apr 15, 2022","2022-04-15","04/15/22","2022-04-15 10:56PM","2022-04-15 22:56:00","2022-04-15 22h56m",3,-84.061838221275,42.3769535947593
"Apr 15, 2022","2022-04-15","04/15/22","2022-04-15 11:11PM","2022-04-15 23:11:00","2022-04-15 23h11m",3,-84.0642380970301,42.3767518846297
"Apr 15, 2022","2022-04-15","04/15/22","2022-04-15 11:26PM","2022-04-15 23:26:00","2022-04-15 23h26m",3,-84.0650257673077,42.3760448233502
"Apr 15, 2022","2022-04-15","04/15/22","2022-04-15 11:41PM","2022-04-15 23:41:00","2022-04-15 23h41m",3,-84.0671660846393,42.375595337846
"Apr 15, 2022","2022-04-15","04/15/22","2022-04-15 11:56PM","2022-04-15 23:56:00","2022-04-15 23h56m",3,-84.0695142129824,42.3758790816889
"Apr 16, 2022","2022-04-16","04/16/22","2022-04-16 12:11AM","2022-04-16 00:11:00","2022-04-16 00h11m",3,-84.0715746059719,42.3764280745641
"Apr 16, 2022","2022-04-16","04/16/22","2022-04-16 12:26AM","2022-04-16 00:26:00","2022-04-16 00h26m",3,-84.0720688117103,42.3765536965477
"Apr 16, 2022","2022-04-16","04/16/22","2022-04-16 12:41AM","2022-04-16 00:41:00","2022-04-16 00h41m",3,-84.0734355978198,42.375973660669
"Apr 16, 2022","2022-04-16","04/16/22","2022-04-16 12:56AM","2022-04-16 00:56:00","2022-04-16 00h56m",3,-84.0751875569944,42.3755083337771
"Apr 16, 2022","2022-04-16","04/16/22","2022-04-16 01:11AM","2022-04-16 01:11:00","2022-04-16 01h11m",3,-84.0775100262875,42.3758365145897
"Apr 16, 2022","2022-04-16","04/16/22","2022-04-16 01:26AM","2022-04-16 01:26:00","2022-04-16 01h26m",3,-84.0780049799743,42.3751603725897
"Apr 16, 2022","2022-04-16","04/16/22","2022-04-16 01:41AM","2022-04-16 01:41:00","2022-04-16 01h41m",3,-84.0786753198632,42.3747034416576
"Apr 16, 2022","2022-04-16","04/16/22","2022-04-16 01:56AM","2022-04-16 01:56:00","2022-04-16 01h56m",3,-84.0799684329423,42.3749238156495
"Apr 16, 2022","2022-04-16","04/16/22","2022-04-16 02:11AM","2022-04-16 02:11:00","2022-04-16 02h11m",3,-84.0804151952143,42.3750125541046
"Apr 16, 2022","2022-04-16","04/16/22","2022-04-16 02:26AM","2022-04-16 02:26:00","2022-04-16 02h26m",3,-84.0822542738716,42.3756476431542
"Apr 16, 2022","2022-04-16","04/16/22","2022-04-16 02:41AM","2022-04-16 02:41:00","2022-04-16 02h41m",3,-84.0843401880095,42.3749897134534
"Apr 16, 2022","2022-04-16","04/16/22","2022-04-16 02:56AM","2022-04-16 02:56:00","2022-04-16 02h56m",3,-84.0856264224831,42.3758224784442
"Apr 16, 2022","2022-04-16","04/16/22","2022-04-16 03:11AM","2022-04-16 03:11:00","2022-04-16 03h11m",3,-84.0863961280083,42.3764662301605
"Apr 16, 2022","2022-04-16","04/16/22","2022-04-16 03:26AM","2022-04-16 03:26:00","2022-04-16 03h26m",3,-84.0875087237632,42.3762420192878
"Apr 16, 2022","2022-04-16","04/16/22","2022-04-16 03:41AM","2022-04-16 03:41:00","2022-04-16 03h41m",3,-84.0897005039942,42.3764776347618
"Apr 16, 2022","2022-04-16","04/16/22","2022-04-16 03:56AM","2022-04-16 03:56:00","2022-04-16 03h56m",3,-84.0915873204748,42.3767530504964
"Apr 16, 2022","2022-04-16","04/16/22","2022-04-16 04:11AM","2022-04-16 04:11:00","2022-04-16 04h11m",3,-84.0921535943338,42.3761231078736
"Apr 16, 2022","2022-04-16","04/16/22","2022-04-16 04:26AM","2022-04-16 04:26:00","2022-04-16 04h26m",3,-84.0938391262055,42.3758365340346
"Apr 16, 2022","2022-04-16","04/16/22","2022-04-16 04:41AM","2022-04-16 04:41:00","2022-04-16 04h41m",3,-84.0950233057285,42.3760458734447
"Apr 16, 2022","2022-04-16","04/16/22","2022-04-16 04:56AM","2022-04-16 04:56:00","2022-04-16 04h56m",3,-84.0953311886835,42.3755196179211
"Apr 16, 2022","2022-04-16","04/16/22","2022-04-16 05:11AM","2022-04-16 05:11:00","2022-04-16 05h11m",3,-84.0967114417045,42.3752818567161
"Apr 16, 2022","2022-04-16","04/16/22","2022-04-16 05:26AM","2022-04-16 05:26:00","2022-04-16 05h26m",3,-84.0981571311817,42.3748920483604
"Apr 16, 2022","2022-04-16","04/16/22","2022-04-16 05:41AM","2022-04-16 05:41:00","2022-04-16 05h41m",3,-84.0990130835715,42.3743210459384
"Apr 16, 2022","2022-04-16","04/16/22","2022-04-16 05:56AM","2022-04-16 05:56:00","2022-04-16 05h56m",3,-84.1003142335646,42.3746764522625
"Apr 16, 2022","2022-04-16","04/16/22","2022-04-16 06:11AM","2022-04-16 06:11:00","2022-04-16 06h11m",3,-84.1011634942297,42.3743215219664
"Apr 16, 2022","2022-04-16","04/16/22","2022-04-16 06:26AM","2022-04-16 06:26:00","2022-04-16 06h26m",3,-84.1033082173345,42.3737182991868
"Apr 16, 2022","2022-04-16","04/16/22","2022-04-16 06:41AM","2022-04-16 06:41:00","2022-04-16 06h41m",3,-84.1038231436895,42.3739612441717
"Apr 16, 2022","2022-04-16","04/16/22","2022-04-16 06:56AM","2022-04-16 06:56:00","2022-04-16 06h56m",3,-84.1040513610188,42.3740461866962
"Apr 16, 2022","2022-04-16","04/16/22","2022-04-16 07:11AM","2022-04-16 07:11:00","2022-04-16 07h11m",3,-84.1063770805518,42.373482007215
"Apr 16, 2022","2022-04-16","04/16/22","2022-04-16 07:26AM","2022-04-16 07:26:00","2022-04-16 07h26m",3,-84.1072576412195,42.3740824506971
"Apr 16, 2022","2022-04-16","04/16/22","2022-04-16 07:41AM","2022-04-16 07:41:00","2022-04-16 07h41m",3,-84.1091164062032,42.3732941152319
"Apr 16, 2022","2022-04-16","04/16/22","2022-04-16 07:56AM","2022-04-16 07:56:00","2022-04-16 07h56m",3,-84.1091404831827,42.372510793106
"Apr 16, 2022","2022-04-16","04/16/22","2022-04-16 08:11AM","2022-04-16 08:11:00","2022-04-16 08h11m",3,-84.1099543730905,42.3717227988089
"Apr 16, 2022","2022-04-16","04/16/22","2022-04-16 08:26AM","2022-04-16 08:26:00","2022-04-16 08h26m",3,-84.1111098429195,42.3716792532233
"Apr 16, 2022","2022-04-16","04/16/22","2022-04-16 08:41AM","2022-04-16 08:41:00","2022-04-16 08h41m",3,-84.1118358864255,42.3721689522744
"Apr 16, 2022","2022-04-16","04/16/22","2022-04-16 08:56AM","2022-04-16 08:56:00","2022-04-16 08h56m",3,-84.1122564842739,42.3715274465676
"Apr 16, 2022","2022-04-16","04/16/22","2022-04-16 09:11AM","2022-04-16 09:11:00","2022-04-16 09h11m",3,-84.1128040099151,42.3711042814494
"Apr 16, 2022","2022-04-16","04/16/22","2022-04-16 09:26AM","2022-04-16 09:26:00","2022-04-16 09h26m",3,-84.11402239003,42.3705933324961
"Apr 16, 2022","2022-04-16","04/16/22","2022-04-16 09:41AM","2022-04-16 09:41:00","2022-04-16 09h41m",3,-84.1156213015169,42.3703500237348
"Apr 16, 2022","2022-04-16","04/16/22","2022-04-16 09:56AM","2022-04-16 09:56:00","2022-04-16 09h56m",3,-84.116818116444,42.3697485986556
"Apr 16, 2022","2022-04-16","04/16/22","2022-04-16 10:11AM","2022-04-16 10:11:00","2022-04-16 10h11m",3,-84.1188033126931,42.3691874466395
"Apr 16, 2022","2022-04-16","04/16/22","2022-04-16 10:26AM","2022-04-16 10:26:00","2022-04-16 10h26m",3,-84.1205697576149,42.3698206978724
"Apr 16, 2022","2022-04-16","04/16/22","2022-04-16 10:41AM","2022-04-16 10:41:00","2022-04-16 10h41m",3,-84.1227184703265,42.3706675291932
"Apr 16, 2022","2022-04-16","04/16/22","2022-04-16 10:56AM","2022-04-16 10:56:00","2022-04-16 10h56m",3,-84.1227099515749,42.3709466452249
"Apr 16, 2022","2022-04-16","04/16/22","2022-04-16 11:11AM","2022-04-16 11:11:00","2022-04-16 11h11m",3,-84.1250078132145,42.3704897247202
"Apr 16, 2022","2022-04-16","04/16/22","2022-04-16 11:26AM","2022-04-16 11:26:00","2022-04-16 11h26m",3,-84.1262488685795,42.3708258123099
"Apr 16, 2022","2022-04-16","04/16/22","2022-04-16 11:41AM","2022-04-16 11:41:00","2022-04-16 11h41m",3,-84.1272571526713,42.3704283135241
"Apr 16, 2022","2022-04-16","04/16/22","2022-04-16 11:56AM","2022-04-16 11:56:00","2022-04-16 11h56m",3,-84.1279097148874,42.3713400712515
"Apr 16, 2022","2022-04-16","04/16/22","2022-04-16 12:11PM","2022-04-16 12:11:00","2022-04-16 12h11m",3,-84.1302554990478,42.3717036068292
"Apr 16, 2022","2022-04-16","04/16/22","2022-04-16 12:26PM","2022-04-16 12:26:00","2022-04-16 12h26m",3,-84.1324532506415,42.3725420640888
"Apr 16, 2022","2022-04-16","04/16/22","2022-04-16 12:41PM","2022-04-16 12:41:00","2022-04-16 12h41m",3,-84.1328803888879,42.3732788695985
"Apr 16, 2022","2022-04-16","04/16/22","2022-04-16 12:56PM","2022-04-16 12:56:00","2022-04-16 12h56m",3,-84.1336855224126,42.3727698233599
"Apr 16, 2022","2022-04-16","04/16/22","2022-04-16 01:11PM","2022-04-16 13:11:00","2022-04-16 13h11m",3,-84.1358847267317,42.3727614554204
"Apr 16, 2022","2022-04-16","04/16/22","2022-04-16 01:26PM","2022-04-16 13:26:00","2022-04-16 13h26m",3,-84.1366907919486,42.3734234858395
"Apr 16, 2022","2022-04-16","04/16/22","2022-04-16 01:41PM","2022-04-16 13:41:00","2022-04-16 13h41m",3,-84.1370125172133,42.3740324024485
"Apr 16, 2022","2022-04-16","04/16/22","2022-04-16 01:56PM","2022-04-16 13:56:00","2022-04-16 13h56m",3,-84.1378145012421,42.3740277409936
"Apr 16, 2022","2022-04-16","04/16/22","2022-04-16 02:11PM","2022-04-16 14:11:00","2022-04-16 14h11m",3,-84.1392791743905,42.3742052585856
"Apr 16, 2022","2022-04-16","04/16/22","2022-04-16 02:26PM","2022-04-16 14:26:00","2022-04-16 14h26m",3,-84.1396878375683,42.3747525552792
"Apr 16, 2022","2022-04-16","04/16/22","2022-04-16 02:41PM","2022-04-16 14:41:00","2022-04-16 14h41m",3,-84.1406056533987,42.374533601275
"Apr 16, 2022","2022-04-16","04/16/22","2022-04-16 02:56PM","2022-04-16 14:56:00","2022-04-16 14h56m",3,-84.1410864177661,42.3739020028353
"Apr 16, 2022","2022-04-16","04/16/22","2022-04-16 03:11PM","2022-04-16 15:11:00","2022-04-16 15h11m",3,-84.1433393986015,42.3737232274495
"Apr 16, 2022","2022-04-16","04/16/22","2022-04-16 03:26PM","2022-04-16 15:26:00","2022-04-16 15h26m",3,-84.1450363471731,42.3742558510012
"Apr 16, 2022","2022-04-16","04/16/22","2022-04-16 03:41PM","2022-04-16 15:41:00","2022-04-16 15h41m",3,-84.1464710017987,42.373414840717
"Apr 16, 2022","2022-04-16","04/16/22","2022-04-16 03:56PM","2022-04-16 15:56:00","2022-04-16 15h56m",3,-84.1465310322516,42.3742445991643
"Apr 16, 2022","2022-04-16","04/16/22","2022-04-16 04:11PM","2022-04-16 16:11:00","2022-04-16 16h11m",3,-84.146582720793,42.3749481030215
"Apr 16, 2022","2022-04-16","04/16/22","2022-04-16 04:26PM","2022-04-16 16:26:00","2022-04-16 16h26m",3,-84.1470157388509,42.3754957761542
"Apr 16, 2022","2022-04-16","04/16/22","2022-04-16 04:41PM","2022-04-16 16:41:00","2022-04-16 16h41m",3,-84.1477671433931,42.3763640112639
"Apr 16, 2022","2022-04-16","04/16/22","2022-04-16 04:56PM","2022-04-16 16:56:00","2022-04-16 16h56m",3,-84.1498043208391,42.3760914508206
"Apr 16, 2022","2022-04-16","04/16/22","2022-04-16 05:11PM","2022-04-16 17:11:00","2022-04-16 17h11m",3,-84.1514190903327,42.3765325355605
"Apr 16, 2022","2022-04-16","04/16/22","2022-04-16 05:26PM","2022-04-16 17:26:00","2022-04-16 17h26m",3,-84.152652559935,42.3771294481558
"Apr 16, 2022","2022-04-16","04/16/22","2022-04-16 05:41PM","2022-04-16 17:41:00","2022-04-16 17h41m",3,-84.1534357041134,42.3769442001678
"Apr 16, 2022","2022-04-16","04/16/22","2022-04-16 05:56PM","2022-04-16 17:56:00","2022-04-16 17h56m",3,-84.1550778281842,42.3760704759996
"Apr 16, 2022","2022-04-16","04/16/22","2022-04-16 06:11PM","2022-04-16 18:11:00","2022-04-16 18h11m",3,-84.155242418289,42.3766587292974
"Apr 16, 2022","2022-04-16","04/16/22","2022-04-16 06:26PM","2022-04-16 18:26:00","2022-04-16 18h26m",3,-84.1556056451351,42.3767007538391
"Apr 16, 2022","2022-04-16","04/16/22","2022-04-16 06:41PM","2022-04-16 18:41:00","2022-04-16 18h41m",3,-84.1561669419598,42.3770252997652
"Apr 16, 2022","2022-04-16","04/16/22","2022-04-16 06:56PM","2022-04-16 18:56:00","2022-04-16 18h56m",3,-84.1582548328211,42.376275987426
"Apr 16, 2022","2022-04-16","04/16/22","2022-04-16 07:11PM","2022-04-16 19:11:00","2022-04-16 19h11m",3,-84.1583117640047,42.375592296511
"Apr 16, 2022","2022-04-16","04/16/22","2022-04-16 07:26PM","2022-04-16 19:26:00","2022-04-16 19h26m",3,-84.1606975058653,42.3750370195198
"Apr 16, 2022","2022-04-16","04/16/22","2022-04-16 07:41PM","2022-04-16 19:41:00","2022-04-16 19h41m",3,-84.1607930776995,42.3759033851576
"Apr 16, 2022","2022-04-16","04/16/22","2022-04-16 07:56PM","2022-04-16 19:56:00","2022-04-16 19h56m",3,-84.1624225170484,42.3766688527091
"Apr 16, 2022","2022-04-16","04/16/22","2022-04-16 08:11PM","2022-04-16 20:11:00","2022-04-16 20h11m",3,-84.1643534388551,42.3775113123079
"Apr 16, 2022","2022-04-16","04/16/22","2022-04-16 08:26PM","2022-04-16 20:26:00","2022-04-16 20h26m",3,-84.1644819118326,42.3776845782205
"Apr 16, 2022","2022-04-16","04/16/22","2022-04-16 08:41PM","2022-04-16 20:41:00","2022-04-16 20h41m",3,-84.1648214943743,42.3785189115628
"Apr 16, 2022","2022-04-16","04/16/22","2022-04-16 08:56PM","2022-04-16 20:56:00","2022-04-16 20h56m",3,-84.1662543266571,42.3793621698668
"Apr 16, 2022","2022-04-16","04/16/22","2022-04-16 09:11PM","2022-04-16 21:11:00","2022-04-16 21h11m",3,-84.1664347628814,42.3786084359947
"Apr 16, 2022","2022-04-16","04/16/22","2022-04-16 09:26PM","2022-04-16 21:26:00","2022-04-16 21h26m",3,-84.1678875463956,42.3791907616055
"Apr 16, 2022","2022-04-16","04/16/22","2022-04-16 09:41PM","2022-04-16 21:41:00","2022-04-16 21h41m",3,-84.1692327108614,42.3784921358438
"Apr 16, 2022","2022-04-16","04/16/22","2022-04-16 09:56PM","2022-04-16 21:56:00","2022-04-16 21h56m",3,-84.1715537296537,42.3780706970158
"Apr 16, 2022","2022-04-16","04/16/22","2022-04-16 10:11PM","2022-04-16 22:11:00","2022-04-16 22h11m",3,-84.1718377762327,42.3787329433708
"Apr 16, 2022","2022-04-16","04/16/22","2022-04-16 10:26PM","2022-04-16 22:26:00","2022-04-16 22h26m",3,-84.1736736669898,42.3786908822614
"Apr 16, 2022","2022-04-16","04/16/22","2022-04-16 10:41PM","2022-04-16 22:41:00","2022-04-16 22h41m",3,-84.175269615462,42.3785457852993
