,animal_id,bin_timestamp,latitude,longitude,record_type
1,16176001,5/6/2014 4:59,41.66815,-82.97606,detection
2,16176001,5/6/2014 7:59,41.62077,-82.98984,detection
3,16176001,5/6/2014 7:59,41.66815,-82.97606,detection
4,16176001,5/6/2014 10:59,41.63363938,-82.99167998,interpolated
5,16176001,5/6/2014 13:59,41.66815,-82.97606,detection
6,16176001,5/6/2014 16:59,41.66815,-82.97606,interpolated
7,16176001,5/6/2014 19:59,41.66815,-82.97606,interpolated
8,16176001,5/6/2014 22:59,41.66815,-82.97606,interpolated
9,16176001,5/7/2014 1:59,41.66815,-82.97606,interpolated
10,16176001,5/7/2014 4:59,41.66815,-82.97606,interpolated
11,16176001,5/7/2014 7:59,41.66815,-82.97606,interpolated
12,16176001,5/7/2014 10:59,41.66815,-82.97606,interpolated
13,16176001,5/7/2014 13:59,41.66815,-82.97606,interpolated
14,16176001,5/7/2014 16:59,41.66815,-82.97606,detection
15,16176001,5/7/2014 19:59,41.66459831,-82.97850913,interpolated
16,16176001,5/7/2014 22:59,41.65562412,-82.98386792,interpolated
17,16176001,5/8/2014 1:59,41.6464012,-82.98847938,interpolated
18,16176001,5/8/2014 4:59,41.63698646,-82.99167998,interpolated
19,16176001,5/8/2014 7:59,41.62077,-82.98984,detection
20,16176001,5/8/2014 10:59,41.6227696,-82.99307339,interpolated
21,16176001,5/8/2014 13:59,41.63575,-83.00986,detection
22,16176001,5/8/2014 16:59,41.63575,-83.00986,detection
23,16176001,5/8/2014 19:59,41.63534326,-83.00928136,interpolated
24,16176001,5/8/2014 22:59,41.63493314,-83.00869792,interpolated
25,16176001,5/9/2014 1:59,41.63452301,-83.00811447,interpolated
26,16176001,5/9/2014 4:59,41.63411289,-83.00753103,interpolated
27,16176001,5/9/2014 7:59,41.63370277,-83.00694758,interpolated
28,16176001,5/9/2014 10:59,41.63329265,-83.00636414,interpolated
29,16176001,5/9/2014 13:59,41.63288253,-83.0057807,interpolated
30,16176001,5/9/2014 16:59,41.6324724,-83.00519725,interpolated
31,16176001,5/9/2014 19:59,41.63206228,-83.00461381,interpolated
32,16176001,5/9/2014 22:59,41.63165216,-83.00403036,interpolated
33,16176001,5/10/2014 1:59,41.63124204,-83.00344692,interpolated
34,16176001,5/10/2014 4:59,41.63083192,-83.00286347,interpolated
35,16176001,5/10/2014 7:59,41.63042179,-83.00228003,interpolated
36,16176001,5/10/2014 10:59,41.63001167,-83.00169658,interpolated
37,16176001,5/10/2014 13:59,41.62953386,-83.00121384,interpolated
38,16176001,5/10/2014 16:59,41.62905406,-83.00073404,interpolated
39,16176001,5/10/2014 19:59,41.62857426,-83.00025424,interpolated
40,16176001,5/10/2014 22:59,41.62809447,-82.99977444,interpolated
41,16176001,5/11/2014 1:59,41.62761467,-82.99929464,interpolated
42,16176001,5/11/2014 4:59,41.62713487,-82.99881485,interpolated
43,16176001,5/11/2014 7:59,41.62665507,-82.99833505,interpolated
44,16176001,5/11/2014 10:59,41.62617528,-82.99785525,interpolated
45,16176001,5/11/2014 13:59,41.62569548,-82.99737545,interpolated
46,16176001,5/11/2014 16:59,41.62521568,-82.99689566,interpolated
47,16176001,5/11/2014 19:59,41.62478999,-82.99634039,interpolated
48,16176001,5/11/2014 22:59,41.6244085,-82.99572351,interpolated
49,16176001,5/12/2014 1:59,41.624027,-82.99510662,interpolated
50,16176001,5/12/2014 4:59,41.6236455,-82.99448973,interpolated
51,16176001,5/12/2014 7:59,41.623264,-82.99387284,interpolated
52,16176001,5/12/2014 10:59,41.62288251,-82.99325596,interpolated
53,16176001,5/12/2014 13:59,41.62250101,-82.99263907,interpolated
54,16176001,5/12/2014 16:59,41.62211951,-82.99202218,interpolated
55,16176001,5/12/2014 19:59,41.62173801,-82.99140529,interpolated
56,16176001,5/12/2014 22:59,41.62135652,-82.99078841,interpolated
57,16176001,5/13/2014 1:59,41.62077,-82.98984,detection
58,16176001,5/13/2014 4:59,41.62077,-82.98984,detection
59,16176001,5/13/2014 7:59,41.62077,-82.98984,detection
60,16176001,5/13/2014 10:59,41.62077,-82.98984,detection
61,16176001,5/13/2014 13:59,41.6212921,-82.99130139,interpolated
62,16176001,5/13/2014 16:59,41.62194504,-82.99312898,interpolated
63,16176001,5/13/2014 19:59,41.62259797,-82.99495657,interpolated
64,16176001,5/13/2014 22:59,41.6232509,-82.99678416,interpolated
65,16176001,5/14/2014 1:59,41.62390383,-82.99861175,interpolated
66,16176001,5/14/2014 4:59,41.62455677,-83.00043934,interpolated
67,16176001,5/14/2014 7:59,41.62527051,-83.00222099,interpolated
68,16176001,5/14/2014 10:59,41.62611277,-83.00390553,interpolated
69,16176001,5/14/2014 13:59,41.62695504,-83.00559006,interpolated
70,16176001,5/14/2014 16:59,41.62779731,-83.0072746,interpolated
71,16176001,5/14/2014 19:59,41.62863958,-83.00895914,interpolated
72,16176001,5/14/2014 22:59,41.62948185,-83.01064368,interpolated
73,16176001,5/15/2014 1:59,41.63,-83.012459,interpolated
74,16176001,5/15/2014 4:59,41.63,-83.0144834,interpolated
75,16176001,5/15/2014 7:59,41.63,-83.0165078,interpolated
76,16176001,5/15/2014 10:59,41.62814,-83.01925,detection
77,16176001,5/15/2014 13:59,41.62828762,-83.01919469,interpolated
78,16176001,5/15/2014 16:59,41.62975299,-83.01864571,interpolated
79,16176001,5/15/2014 19:59,41.63121836,-83.01809673,interpolated
80,16176001,5/15/2014 22:59,41.63268372,-83.01754774,interpolated
81,16176001,5/16/2014 1:59,41.63414909,-83.01699876,interpolated
82,16176001,5/16/2014 4:59,41.63551057,-83.01616941,interpolated
83,16176001,5/16/2014 7:59,41.63672819,-83.01495179,interpolated
84,16176001,5/16/2014 10:59,41.6379458,-83.01373418,interpolated
85,16176001,5/16/2014 13:59,41.63916342,-83.01251656,interpolated
86,16176001,5/16/2014 16:59,41.64038104,-83.01129894,interpolated
87,16176001,5/16/2014 19:59,41.64159869,-83.01008129,interpolated
88,16176001,5/16/2014 22:59,41.64281634,-83.00886364,interpolated
89,16176001,5/17/2014 1:59,41.64403399,-83.00764599,interpolated
90,16176001,5/17/2014 4:59,41.64525164,-83.00642833,interpolated
91,16176001,5/17/2014 7:59,41.64646932,-83.00521065,interpolated
92,16176001,5/17/2014 10:59,41.64768701,-83.00399297,interpolated
93,16176001,5/17/2014 13:59,41.64890469,-83.00277529,interpolated
94,16176001,5/17/2014 16:59,41.65012237,-83.0015576,interpolated
95,16176001,5/17/2014 19:59,41.65134009,-83.00033989,interpolated
96,16176001,5/17/2014 22:59,41.6525578,-82.99912217,interpolated
97,16176001,5/18/2014 1:59,41.65377552,-82.99790446,interpolated
98,16176001,5/18/2014 4:59,41.65499323,-82.99668675,interpolated
99,16176001,5/18/2014 7:59,41.65621098,-82.995469,interpolated
100,16176001,5/18/2014 10:59,41.65742873,-82.99425125,interpolated
101,16176001,5/18/2014 13:59,41.65864648,-82.9930335,interpolated
102,16176001,5/18/2014 16:59,41.65986422,-82.99181575,interpolated
103,16176001,5/18/2014 19:59,41.661082,-82.99059798,interpolated
104,16176001,5/18/2014 22:59,41.66229978,-82.98938019,interpolated
105,16176001,5/19/2014 1:59,41.66351756,-82.98816241,interpolated
106,16176001,5/19/2014 4:59,41.66473535,-82.98694463,interpolated
107,16176001,5/19/2014 7:59,41.66595315,-82.98572682,interpolated
108,16176001,5/19/2014 10:59,41.66717097,-82.98450901,interpolated
109,16176001,5/19/2014 13:59,41.66838878,-82.98329119,interpolated
110,16176001,5/19/2014 16:59,41.6696066,-82.98207338,interpolated
111,16176001,5/19/2014 19:59,41.67082443,-82.98085554,interpolated
112,16176001,5/19/2014 22:59,41.67204228,-82.9796377,interpolated
113,16176001,5/20/2014 1:59,41.67326013,-82.97841985,interpolated
114,16176001,5/20/2014 4:59,41.67447798,-82.977202,interpolated
115,16176001,5/20/2014 7:59,41.67569584,-82.97598413,interpolated
116,16176001,5/20/2014 10:59,41.67691373,-82.97476625,interpolated
117,16176001,5/20/2014 13:59,41.67813161,-82.97354837,interpolated
118,16176001,5/20/2014 16:59,41.67934949,-82.97233049,interpolated
119,16176001,5/20/2014 19:59,41.68056738,-82.97111259,interpolated
120,16176001,5/20/2014 22:59,41.6817853,-82.96989468,interpolated
121,16176001,5/21/2014 1:59,41.68300321,-82.96867676,interpolated
122,16176001,5/21/2014 4:59,41.68422113,-82.96745885,interpolated
123,16176001,5/21/2014 7:59,41.68543905,-82.96624092,interpolated
124,16176001,5/21/2014 10:59,41.686657,-82.96502298,interpolated
125,16176001,5/21/2014 13:59,41.68787495,-82.96380503,interpolated
126,16176001,5/21/2014 16:59,41.6890929,-82.96258708,interpolated
127,16176001,5/21/2014 19:59,41.69031085,-82.96136913,interpolated
128,16176001,5/21/2014 22:59,41.69152883,-82.96015115,interpolated
129,16176001,5/22/2014 1:59,41.69274681,-82.95893316,interpolated
130,16176001,5/22/2014 4:59,41.69396479,-82.95771518,interpolated
131,16176001,5/22/2014 7:59,41.69518278,-82.9564972,interpolated
132,16176001,5/22/2014 10:59,41.69640079,-82.95527918,interpolated
133,16176001,5/22/2014 13:59,41.69761881,-82.95406117,interpolated
134,16176001,5/22/2014 16:59,41.69883682,-82.95284316,interpolated
135,16176001,5/22/2014 19:59,41.70005484,-82.95162514,interpolated
136,16176001,5/22/2014 22:59,41.70127288,-82.95040709,interpolated
137,16176001,5/23/2014 1:59,41.70249093,-82.94918905,interpolated
138,16176001,5/23/2014 4:59,41.70370898,-82.947971,interpolated
139,16176001,5/23/2014 7:59,41.70492703,-82.94675295,interpolated
140,16176001,5/23/2014 10:59,41.70579421,-82.94509155,interpolated
141,16176001,5/23/2014 13:59,41.70663904,-82.94340189,interpolated
142,16176001,5/23/2014 16:59,41.70748387,-82.94171224,interpolated
143,16176001,5/23/2014 19:59,41.7083287,-82.94002258,interpolated
144,16176001,5/23/2014 22:59,41.70917353,-82.93833292,interpolated
145,16176001,5/24/2014 1:59,41.71001836,-82.93664326,interpolated
146,16176001,5/24/2014 4:59,41.71086323,-82.93495352,interpolated
147,16176001,5/24/2014 7:59,41.7117081,-82.93326377,interpolated
148,16176001,5/24/2014 10:59,41.71255298,-82.93157402,interpolated
149,16176001,5/24/2014 13:59,41.71339785,-82.92988428,interpolated
150,16176001,5/24/2014 16:59,41.71424272,-82.92819453,interpolated
151,16176001,5/24/2014 19:59,41.7150876,-82.92650477,interpolated
152,16176001,5/24/2014 22:59,41.71593252,-82.92481494,interpolated
153,16176001,5/25/2014 1:59,41.71677744,-82.9231251,interpolated
154,16176001,5/25/2014 4:59,41.71762236,-82.92143526,interpolated
155,16176001,5/25/2014 7:59,41.71846727,-82.91974543,interpolated
156,16176001,5/25/2014 10:59,41.71931219,-82.91805559,interpolated
157,16176001,5/25/2014 13:59,41.72015712,-82.91636574,interpolated
158,16176001,5/25/2014 16:59,41.72100208,-82.91467581,interpolated
159,16176001,5/25/2014 19:59,41.72184705,-82.91298588,interpolated
160,16176001,5/25/2014 22:59,41.72269201,-82.91129596,interpolated
161,16176001,5/26/2014 1:59,41.72353697,-82.90960603,interpolated
162,16176001,5/26/2014 4:59,41.72438194,-82.9079161,interpolated
163,16176001,5/26/2014 7:59,41.72522691,-82.90622615,interpolated
164,16176001,5/26/2014 10:59,41.72607192,-82.90453613,interpolated
165,16176001,5/26/2014 13:59,41.72691693,-82.90284612,interpolated
166,16176001,5/26/2014 16:59,41.72776194,-82.9011561,interpolated
167,16176001,5/26/2014 19:59,41.72860695,-82.89946608,interpolated
168,16176001,5/26/2014 22:59,41.72945196,-82.89777606,interpolated
169,16176001,5/27/2014 1:59,41.73029698,-82.89608601,interpolated
170,16176001,5/27/2014 4:59,41.73114203,-82.89439591,interpolated
171,16176001,5/27/2014 7:59,41.73198709,-82.8927058,interpolated
172,16176001,5/27/2014 10:59,41.73283214,-82.89101569,interpolated
173,16176001,5/27/2014 13:59,41.7336772,-82.88932559,interpolated
174,16176001,5/27/2014 16:59,41.73452225,-82.88763548,interpolated
175,16176001,5/27/2014 19:59,41.73536732,-82.88594533,interpolated
176,16176001,5/27/2014 22:59,41.73621242,-82.88425513,interpolated
177,16176001,5/28/2014 1:59,41.73705752,-82.88256494,interpolated
178,16176001,5/28/2014 4:59,41.73790262,-82.88087474,interpolated
179,16176001,5/28/2014 7:59,41.73874772,-82.87918454,interpolated
180,16176001,5/28/2014 10:59,41.73959282,-82.87749434,interpolated
181,16176001,5/28/2014 13:59,41.74043794,-82.8758041,interpolated
182,16176001,5/28/2014 16:59,41.74128308,-82.87411381,interpolated
183,16176001,5/28/2014 19:59,41.74212823,-82.87242352,interpolated
184,16176001,5/28/2014 22:59,41.74297337,-82.87073323,interpolated
185,16176001,5/29/2014 1:59,41.74381852,-82.86904295,interpolated
186,16176001,5/29/2014 4:59,41.74466366,-82.86735266,interpolated
187,16176001,5/29/2014 7:59,41.74550883,-82.86566232,interpolated
188,16176001,5/29/2014 10:59,41.74635402,-82.86397194,interpolated
189,16176001,5/29/2014 13:59,41.74719921,-82.86228156,interpolated
190,16176001,5/29/2014 16:59,41.7480444,-82.86059118,interpolated
191,16176001,5/29/2014 19:59,41.74888959,-82.8589008,interpolated
192,16176001,5/29/2014 22:59,41.74973478,-82.85721043,interpolated
193,16176001,5/30/2014 1:59,41.75058,-82.85551999,interpolated
194,16176001,5/30/2014 4:59,41.75142523,-82.85382952,interpolated
195,16176001,5/30/2014 7:59,41.75227046,-82.85213905,interpolated
196,16176001,5/30/2014 10:59,41.7531157,-82.85044858,interpolated
197,16176001,5/30/2014 13:59,41.75396093,-82.84875811,interpolated
198,16176001,5/30/2014 16:59,41.75480617,-82.84706764,interpolated
199,16176001,5/30/2014 19:59,41.75565144,-82.84537711,interpolated
200,16176001,5/30/2014 22:59,41.75649672,-82.84368655,interpolated
201,16176001,5/31/2014 1:59,41.75734199,-82.84199599,interpolated
202,16176001,5/31/2014 4:59,41.75818727,-82.84030543,interpolated
203,16176001,5/31/2014 7:59,41.75903255,-82.83861487,interpolated
204,16176001,5/31/2014 10:59,41.75987783,-82.83692431,interpolated
205,16176001,5/31/2014 13:59,41.76072315,-82.83523368,interpolated
206,16176001,5/31/2014 16:59,41.76156848,-82.83354303,interpolated
207,16176001,5/31/2014 19:59,41.7624138,-82.83185238,interpolated
208,16176001,5/31/2014 22:59,41.76325912,-82.83016173,interpolated
209,16176001,6/1/2014 1:59,41.76410445,-82.82847108,interpolated
210,16176001,6/1/2014 4:59,41.76494977,-82.82678043,interpolated
211,16176001,6/1/2014 7:59,41.76579514,-82.8250897,interpolated
212,16176001,6/1/2014 10:59,41.76664051,-82.82339896,interpolated
213,16176001,6/1/2014 13:59,41.76748588,-82.82170822,interpolated
214,16176001,6/1/2014 16:59,41.76833125,-82.82001748,interpolated
215,16176001,6/1/2014 19:59,41.76917662,-82.81832674,interpolated
216,16176001,6/1/2014 22:59,41.77002199,-82.816636,interpolated
217,16176001,6/2/2014 1:59,41.7708674,-82.81494517,interpolated
218,16176001,6/2/2014 4:59,41.77171282,-82.81325434,interpolated
219,16176001,6/2/2014 7:59,41.77255823,-82.81156351,interpolated
220,16176001,6/2/2014 10:59,41.77340365,-82.80987268,interpolated
221,16176001,6/2/2014 13:59,41.77424906,-82.80818185,interpolated
222,16176001,6/2/2014 16:59,41.77507107,-82.80647352,interpolated
223,16176001,6/2/2014 19:59,41.77570705,-82.80462608,interpolated
224,16176001,6/2/2014 22:59,41.77634303,-82.80277864,interpolated
225,16176001,6/3/2014 1:59,41.77697901,-82.80093121,interpolated
226,16176001,6/3/2014 4:59,41.77761498,-82.79908377,interpolated
227,16176001,6/3/2014 7:59,41.77825096,-82.79723633,interpolated
228,16176001,6/3/2014 10:59,41.77889,-82.79538,detection
229,16176001,6/3/2014 13:59,41.78837995,-82.8046061,interpolated
230,16176001,6/3/2014 16:59,41.79906617,-82.81499521,interpolated
231,16176001,6/3/2014 19:59,41.80975239,-82.82538431,interpolated
232,16176001,6/3/2014 22:59,41.8204386,-82.83577342,interpolated
233,16176001,6/4/2014 1:59,41.83112482,-82.84616252,interpolated
234,16176001,6/4/2014 4:59,41.84435,-82.85902,detection
235,16176001,6/4/2014 7:59,41.84435,-82.85902,interpolated
236,16176001,6/4/2014 10:59,41.84435,-82.85902,detection
237,16176001,6/4/2014 13:59,41.84435,-82.85902,detection
238,16176001,6/4/2014 16:59,41.84615762,-82.85507202,interpolated
239,16176001,6/4/2014 19:59,41.8486897,-82.84954178,interpolated
240,16176001,6/4/2014 22:59,41.85130059,-82.8440788,interpolated
241,16176001,6/5/2014 1:59,41.85399601,-82.83868796,interpolated
242,16176001,6/5/2014 4:59,41.85669151,-82.83329695,interpolated
243,16176001,6/5/2014 7:59,41.85938708,-82.82790582,interpolated
244,16176001,6/5/2014 10:59,41.86,-82.82166877,interpolated
245,16176001,6/5/2014 13:59,41.86,-82.81518276,interpolated
246,16176001,6/5/2014 16:59,41.86,-82.80869676,interpolated
247,16176001,6/5/2014 19:59,41.86,-82.80221075,interpolated
248,16176001,6/5/2014 22:59,41.86,-82.79572474,interpolated
249,16176001,6/6/2014 1:59,41.86,-82.78923873,interpolated
250,16176001,6/6/2014 4:59,41.86,-82.78275272,interpolated
251,16176001,6/6/2014 7:59,41.86,-82.77626672,interpolated
252,16176001,6/6/2014 10:59,41.86,-82.76978071,interpolated
253,16176001,6/6/2014 13:59,41.86,-82.7632947,interpolated
254,16176001,6/6/2014 16:59,41.86,-82.75680869,interpolated
255,16176001,6/6/2014 19:59,41.86,-82.75032269,interpolated
256,16176001,6/6/2014 22:59,41.86,-82.74383668,interpolated
257,16176001,6/7/2014 1:59,41.86,-82.73735067,interpolated
258,16176001,6/7/2014 4:59,41.86,-82.73086466,interpolated
259,16176001,6/7/2014 7:59,41.86,-82.72437865,interpolated
260,16176001,6/7/2014 10:59,41.86,-82.71789265,interpolated
261,16176001,6/7/2014 13:59,41.86,-82.71140664,interpolated
262,16176001,6/7/2014 16:59,41.86,-82.70492063,interpolated
263,16176001,6/7/2014 19:59,41.86,-82.69843462,interpolated
264,16176001,6/7/2014 22:59,41.86,-82.69194861,interpolated
265,16176001,6/8/2014 1:59,41.86,-82.68546261,interpolated
266,16176001,6/8/2014 4:59,41.86,-82.6789766,interpolated
267,16176001,6/8/2014 7:59,41.86,-82.67249059,interpolated
268,16176001,6/8/2014 10:59,41.86,-82.66600458,interpolated
269,16176001,6/8/2014 13:59,41.86,-82.65951857,interpolated
270,16176001,6/8/2014 16:59,41.86,-82.65303257,interpolated
271,16176001,6/8/2014 19:59,41.86,-82.64654656,interpolated
272,16176001,6/8/2014 22:59,41.86,-82.64006055,interpolated
273,16176001,6/9/2014 1:59,41.86,-82.63357454,interpolated
274,16176001,6/9/2014 4:59,41.86,-82.62708853,interpolated
275,16176001,6/9/2014 7:59,41.86,-82.62060253,interpolated
276,16176001,6/9/2014 10:59,41.85913,-82.60905,detection
277,16176001,6/9/2014 10:59,41.86725,-82.60068,detection
278,16176001,6/9/2014 13:59,41.8745,-82.59323,detection
279,16176001,6/9/2014 13:59,41.85913,-82.60905,detection
280,16176001,6/9/2014 13:59,41.8511,-82.61808,detection
281,16176001,6/9/2014 13:59,41.86725,-82.60068,detection
282,16176001,6/9/2014 13:59,41.88167,-82.58537,detection
283,16176001,6/9/2014 13:59,41.89612,-82.56963,detection
284,16176001,6/9/2014 13:59,41.88925,-82.57735,detection
285,16176001,6/9/2014 13:59,41.90343,-82.56272,detection
286,16176001,6/9/2014 13:59,41.91032,-82.55485,detection
287,16176001,6/9/2014 16:59,41.89612,-82.56963,detection
288,16176001,6/9/2014 16:59,41.90343,-82.56272,detection
289,16176001,6/9/2014 16:59,41.88925,-82.57735,detection
290,16176001,6/9/2014 16:59,41.8745,-82.59323,detection
291,16176001,6/9/2014 16:59,41.88167,-82.58537,detection
292,16176001,6/9/2014 16:59,41.91032,-82.55485,detection
293,16176001,6/9/2014 16:59,41.9177,-82.54708,detection
294,16176001,6/9/2014 16:59,41.92487,-82.53917,detection
295,16176001,6/9/2014 19:59,41.90342159,-82.56272971,interpolated
296,16176001,6/9/2014 22:59,41.90304621,-82.56316309,interpolated
297,16176001,6/10/2014 1:59,41.90267084,-82.56359646,interpolated
298,16176001,6/10/2014 4:59,41.90229546,-82.56402984,interpolated
299,16176001,6/10/2014 7:59,41.90192009,-82.56446321,interpolated
300,16176001,6/10/2014 10:59,41.90154471,-82.56489659,interpolated
301,16176001,6/10/2014 13:59,41.90116934,-82.56532996,interpolated
302,16176001,6/10/2014 16:59,41.90079396,-82.56576333,interpolated
303,16176001,6/10/2014 19:59,41.90041859,-82.56619671,interpolated
304,16176001,6/10/2014 22:59,41.90004322,-82.56663008,interpolated
305,16176001,6/11/2014 1:59,41.8996486,-82.56703138,interpolated
306,16176001,6/11/2014 4:59,41.89925149,-82.56742849,interpolated
307,16176001,6/11/2014 7:59,41.89885437,-82.56782561,interpolated
308,16176001,6/11/2014 10:59,41.89845725,-82.56822272,interpolated
309,16176001,6/11/2014 13:59,41.89806014,-82.56861984,interpolated
310,16176001,6/11/2014 16:59,41.89766302,-82.56901696,interpolated
311,16176001,6/11/2014 19:59,41.89726591,-82.56941407,interpolated
312,16176001,6/11/2014 22:59,41.89686879,-82.56981119,interpolated
313,16176001,6/12/2014 1:59,41.89647167,-82.5702083,interpolated
314,16176001,6/12/2014 4:59,41.89607456,-82.57060542,interpolated
315,16176001,6/12/2014 7:59,41.89567744,-82.57100254,interpolated
316,16176001,6/12/2014 10:59,41.89528032,-82.57139965,interpolated
317,16176001,6/12/2014 13:59,41.89488263,-82.57179571,interpolated
318,16176001,6/12/2014 16:59,41.89448355,-82.57218925,interpolated
319,16176001,6/12/2014 19:59,41.89408446,-82.57258278,interpolated
320,16176001,6/12/2014 22:59,41.89368538,-82.57297631,interpolated
321,16176001,6/13/2014 1:59,41.89328629,-82.57336985,interpolated
322,16176001,6/13/2014 4:59,41.89288721,-82.57376338,interpolated
323,16176001,6/13/2014 7:59,41.89248812,-82.57415691,interpolated
324,16176001,6/13/2014 10:59,41.89208904,-82.57455045,interpolated
325,16176001,6/13/2014 13:59,41.89168996,-82.57494398,interpolated
326,16176001,6/13/2014 16:59,41.89129087,-82.57533751,interpolated
327,16176001,6/13/2014 19:59,41.89089179,-82.57573105,interpolated
328,16176001,6/13/2014 22:59,41.8904927,-82.57612458,interpolated
329,16176001,6/14/2014 1:59,41.89009362,-82.57651811,interpolated
330,16176001,6/14/2014 4:59,41.88969454,-82.57691165,interpolated
331,16176001,6/14/2014 7:59,41.88925,-82.57735,detection
332,16176001,6/14/2014 7:59,41.88167,-82.58537,detection
333,16176001,6/14/2014 7:59,41.8745,-82.59323,detection
334,16176001,6/14/2014 7:59,41.89612,-82.56963,detection
335,16176001,6/14/2014 7:59,41.85913,-82.60905,detection
336,16176001,6/14/2014 7:59,41.90343,-82.56272,detection
337,16176001,6/14/2014 10:59,41.88925,-82.57735,detection
338,16176001,6/14/2014 10:59,41.89612,-82.56963,detection
339,16176001,6/14/2014 10:59,41.88167,-82.58537,detection
340,16176001,6/14/2014 10:59,41.90343,-82.56272,detection
341,16176001,6/14/2014 10:59,41.91032,-82.55485,detection
342,28647002,4/19/2015 23:40,42.08405,-83.18186,detection
343,28647002,4/19/2015 23:40,42.09335,-83.17982,detection
344,28647002,4/19/2015 23:40,42.08754,-83.17205,detection
345,28647002,4/20/2015 2:40,42.08734527,-83.17125498,interpolated
346,28647002,4/20/2015 5:40,42.08699499,-83.1698249,interpolated
347,28647002,4/20/2015 8:40,42.08664471,-83.16839482,interpolated
348,28647002,4/20/2015 11:40,42.08629443,-83.16696474,interpolated
349,28647002,4/20/2015 14:40,42.08594415,-83.16553466,interpolated
350,28647002,4/20/2015 17:40,42.08559388,-83.16410458,interpolated
351,28647002,4/20/2015 20:40,42.0852436,-83.1626745,interpolated
352,28647002,4/20/2015 23:40,42.08480966,-83.16129931,interpolated
353,28647002,4/21/2015 2:40,42.08418472,-83.16004942,interpolated
354,28647002,4/21/2015 5:40,42.08355978,-83.15879954,interpolated
355,28647002,4/21/2015 8:40,42.08293484,-83.15754966,interpolated
356,28647002,4/21/2015 11:40,42.0823099,-83.15629978,interpolated
357,28647002,4/21/2015 14:40,42.08168496,-83.1550499,interpolated
358,28647002,4/21/2015 17:40,42.08106002,-83.15380002,interpolated
359,28647002,4/21/2015 20:40,42.08043508,-83.15255014,interpolated
360,28647002,4/21/2015 23:40,42.07981015,-83.15130028,interpolated
361,28647002,4/22/2015 2:40,42.07918524,-83.15005046,interpolated
362,28647002,4/22/2015 5:40,42.07856034,-83.14880065,interpolated
363,28647002,4/22/2015 8:40,42.07793543,-83.14755084,interpolated
364,28647002,4/22/2015 11:40,42.07731052,-83.14630102,interpolated
365,28647002,4/22/2015 14:40,42.07668562,-83.14505121,interpolated
366,28647002,4/22/2015 17:40,42.07606071,-83.1438014,interpolated
367,28647002,4/22/2015 20:40,42.0754358,-83.14255158,interpolated
368,28647002,4/22/2015 23:40,42.07481091,-83.14130179,interpolated
369,28647002,4/23/2015 2:40,42.07418603,-83.14005204,interpolated
370,28647002,4/23/2015 5:40,42.07356116,-83.13880229,interpolated
371,28647002,4/23/2015 8:40,42.07293629,-83.13755255,interpolated
372,28647002,4/23/2015 11:40,42.07231141,-83.1363028,interpolated
373,28647002,4/23/2015 14:40,42.07168654,-83.13505306,interpolated
374,28647002,4/23/2015 17:40,42.07106167,-83.13380331,interpolated
375,28647002,4/23/2015 20:40,42.07043679,-83.13255356,interpolated
376,28647002,4/23/2015 23:40,42.06981193,-83.13130384,interpolated
377,28647002,4/24/2015 2:40,42.06918709,-83.13005416,interpolated
378,28647002,4/24/2015 5:40,42.06856225,-83.12880448,interpolated
379,28647002,4/24/2015 8:40,42.06793741,-83.1275548,interpolated
380,28647002,4/24/2015 11:40,42.06731257,-83.12630512,interpolated
381,28647002,4/24/2015 14:40,42.06668773,-83.12505544,interpolated
382,28647002,4/24/2015 17:40,42.06606289,-83.12380576,interpolated
383,28647002,4/24/2015 20:40,42.06543805,-83.12255608,interpolated
384,28647002,4/24/2015 23:40,42.0647312,-83.12141118,interpolated
385,28647002,4/25/2015 2:40,42.06383203,-83.12051201,interpolated
386,28647002,4/25/2015 5:40,42.06293285,-83.11961283,interpolated
387,28647002,4/25/2015 8:40,42.06203368,-83.11871365,interpolated
388,28647002,4/25/2015 11:40,42.0611345,-83.11781448,interpolated
389,28647002,4/25/2015 14:40,42.06023533,-83.1169153,interpolated
390,28647002,4/25/2015 17:40,42.05933617,-83.11601615,interpolated
391,28647002,4/25/2015 20:40,42.05843702,-83.11511699,interpolated
392,28647002,4/25/2015 23:40,42.05753787,-83.11421784,interpolated
393,28647002,4/26/2015 2:40,42.05663872,-83.11331869,interpolated
394,28647002,4/26/2015 5:40,42.05573956,-83.11241954,interpolated
395,28647002,4/26/2015 8:40,42.05484042,-83.11152039,interpolated
396,28647002,4/26/2015 11:40,42.05394129,-83.11062127,interpolated
397,28647002,4/26/2015 14:40,42.05304216,-83.10972214,interpolated
398,28647002,4/26/2015 17:40,42.05214304,-83.10882302,interpolated
399,28647002,4/26/2015 20:40,42.05124391,-83.10792389,interpolated
400,28647002,4/26/2015 23:40,42.05034479,-83.10702476,interpolated
401,28647002,4/27/2015 2:40,42.04961485,-83.10590968,interpolated
402,28647002,4/27/2015 5:40,42.04899014,-83.10466026,interpolated
403,28647002,4/27/2015 8:40,42.04836544,-83.10341085,interpolated
404,28647002,4/27/2015 11:40,42.04774073,-83.10216144,interpolated
405,28647002,4/27/2015 14:40,42.04711603,-83.10091203,interpolated
406,28647002,4/27/2015 17:40,42.04649132,-83.09966262,interpolated
407,28647002,4/27/2015 20:40,42.04586662,-83.09841321,interpolated
408,28647002,4/27/2015 23:40,42.04524191,-83.0971638,interpolated
409,28647002,4/28/2015 2:40,42.04461723,-83.09591443,interpolated
410,28647002,4/28/2015 5:40,42.04399256,-83.09466509,interpolated
411,28647002,4/28/2015 8:40,42.04336789,-83.09341575,interpolated
412,28647002,4/28/2015 11:40,42.04274321,-83.09216641,interpolated
413,28647002,4/28/2015 14:40,42.04211854,-83.09091706,interpolated
414,28647002,4/28/2015 17:40,42.04149387,-83.08966772,interpolated
415,28647002,4/28/2015 20:40,42.0408692,-83.08841838,interpolated
416,28647002,4/28/2015 23:40,42.04024453,-83.08716903,interpolated
417,28647002,4/29/2015 2:40,42.03961988,-83.08591973,interpolated
418,28647002,4/29/2015 5:40,42.03899524,-83.08467046,interpolated
419,28647002,4/29/2015 8:40,42.0383706,-83.08342118,interpolated
420,28647002,4/29/2015 11:40,42.03774596,-83.0821719,interpolated
421,28647002,4/29/2015 14:40,42.03712133,-83.08092263,interpolated
422,28647002,4/29/2015 17:40,42.03649669,-83.07967335,interpolated
423,28647002,4/29/2015 20:40,42.03587205,-83.07842408,interpolated
424,28647002,4/29/2015 23:40,42.03524741,-83.0771748,interpolated
425,28647002,4/30/2015 2:40,42.03462279,-83.07592557,interpolated
426,28647002,4/30/2015 5:40,42.03399819,-83.07467636,interpolated
427,28647002,4/30/2015 8:40,42.03337359,-83.07342715,interpolated
428,28647002,4/30/2015 11:40,42.03274898,-83.07217794,interpolated
429,28647002,4/30/2015 14:40,42.03212438,-83.07092873,interpolated
430,28647002,4/30/2015 17:40,42.03149977,-83.06967952,interpolated
431,28647002,4/30/2015 20:40,42.03087517,-83.06843032,interpolated
432,28647002,4/30/2015 23:40,42.03025056,-83.06718111,interpolated
433,28647002,5/1/2015 2:40,42.02962598,-83.06593194,interpolated
434,28647002,5/1/2015 5:40,42.02900141,-83.0646828,interpolated
435,28647002,5/1/2015 8:40,42.02837684,-83.06343366,interpolated
436,28647002,5/1/2015 11:40,42.02775227,-83.06218451,interpolated
437,28647002,5/1/2015 14:40,42.0271277,-83.06093537,interpolated
438,28647002,5/1/2015 17:40,42.02650313,-83.05968623,interpolated
439,28647002,5/1/2015 20:40,42.02587856,-83.05843709,interpolated
440,28647002,5/1/2015 23:40,42.02525399,-83.05718795,interpolated
441,28647002,5/2/2015 2:40,42.02462944,-83.05593885,interpolated
442,28647002,5/2/2015 5:40,42.0240049,-83.05468977,interpolated
443,28647002,5/2/2015 8:40,42.02338036,-83.0534407,interpolated
444,28647002,5/2/2015 11:40,42.02275582,-83.05219162,interpolated
445,28647002,5/2/2015 14:40,42.02213129,-83.05094255,interpolated
446,28647002,5/2/2015 17:40,42.02150675,-83.04969348,interpolated
447,28647002,5/2/2015 20:40,42.02088221,-83.0484444,interpolated
448,28647002,5/2/2015 23:40,42.02025768,-83.04719533,interpolated
449,28647002,5/3/2015 2:40,42.01963316,-83.04594629,interpolated
450,28647002,5/3/2015 5:40,42.01900865,-83.04469729,interpolated
451,28647002,5/3/2015 8:40,42.01838415,-83.04344828,interpolated
452,28647002,5/3/2015 11:40,42.01775965,-83.04219927,interpolated
453,28647002,5/3/2015 14:40,42.01713514,-83.04095026,interpolated
454,28647002,5/3/2015 17:40,42.01651064,-83.03970126,interpolated
455,28647002,5/3/2015 20:40,42.01588614,-83.03845225,interpolated
456,28647002,5/3/2015 23:40,42.01526163,-83.03720324,interpolated
457,28647002,5/4/2015 2:40,42.01463715,-83.03595428,interpolated
458,28647002,5/4/2015 5:40,42.01401268,-83.03470534,interpolated
459,28647002,5/4/2015 8:40,42.01338821,-83.0334564,interpolated
460,28647002,5/4/2015 11:40,42.01276374,-83.03220746,interpolated
461,28647002,5/4/2015 14:40,42.01213927,-83.03095852,interpolated
462,28647002,5/4/2015 17:40,42.0115148,-83.02970958,interpolated
463,28647002,5/4/2015 20:40,42.01089033,-83.02846064,interpolated
464,28647002,5/4/2015 23:40,42.01026586,-83.0272117,interpolated
465,28647002,5/5/2015 2:40,42.00964141,-83.0259628,interpolated
466,28647002,5/5/2015 5:40,42.00901697,-83.02471392,interpolated
467,28647002,5/5/2015 8:40,42.00839254,-83.02346505,interpolated
468,28647002,5/5/2015 11:40,42.0077681,-83.02221618,interpolated
469,28647002,5/5/2015 14:40,42.00714366,-83.0209673,interpolated
470,28647002,5/5/2015 17:40,42.00651923,-83.01971843,interpolated
471,28647002,5/5/2015 20:40,42.00589479,-83.01846956,interpolated
472,28647002,5/5/2015 23:40,42.00527035,-83.01722069,interpolated
473,28647002,5/6/2015 2:40,42.0044903,-83.01617027,interpolated
474,28647002,5/6/2015 5:40,42.00359142,-83.01527139,interpolated
475,28647002,5/6/2015 8:40,42.00269254,-83.01437251,interpolated
476,28647002,5/6/2015 11:40,42.00179366,-83.01347364,interpolated
477,28647002,5/6/2015 14:40,42.00089478,-83.01257476,interpolated
478,28647002,5/6/2015 17:40,41.9999959,-83.01167588,interpolated
479,28647002,5/6/2015 20:40,41.99909704,-83.01077702,interpolated
480,28647002,5/6/2015 23:40,41.99819819,-83.00987817,interpolated
481,28647002,5/7/2015 2:40,41.99729933,-83.00897931,interpolated
482,28647002,5/7/2015 5:40,41.99640048,-83.00808046,interpolated
483,28647002,5/7/2015 8:40,41.99550162,-83.0071816,interpolated
484,28647002,5/7/2015 11:40,41.99460278,-83.00628276,interpolated
485,28647002,5/7/2015 14:40,41.99370395,-83.00538393,interpolated
486,28647002,5/7/2015 17:40,41.99280512,-83.0044851,interpolated
487,28647002,5/7/2015 20:40,41.99190629,-83.00358627,interpolated
488,28647002,5/7/2015 23:40,41.99100746,-83.00268743,interpolated
489,28647002,5/8/2015 2:40,41.99010863,-83.0017886,interpolated
490,28647002,5/8/2015 5:40,41.98920982,-83.0008898,interpolated
491,28647002,5/8/2015 8:40,41.98831101,-82.99999099,interpolated
492,28647002,5/8/2015 11:40,41.98741221,-82.99909218,interpolated
493,28647002,5/8/2015 14:40,41.9865134,-82.99819338,interpolated
494,28647002,5/8/2015 17:40,41.9856146,-82.99729457,interpolated
495,28647002,5/8/2015 20:40,41.9847158,-82.99639577,interpolated
496,28647002,5/8/2015 23:40,41.98381702,-82.99549699,interpolated
497,28647002,5/9/2015 2:40,41.98291824,-82.99459821,interpolated
498,28647002,5/9/2015 5:40,41.98201945,-82.99369943,interpolated
499,28647002,5/9/2015 8:40,41.98112067,-82.99280065,interpolated
500,28647002,5/9/2015 11:40,41.98022189,-82.99190187,interpolated
501,28647002,5/9/2015 14:40,41.97932313,-82.99100311,interpolated
502,28647002,5/9/2015 17:40,41.97842437,-82.99010435,interpolated
503,28647002,5/9/2015 20:40,41.97752562,-82.98920559,interpolated
504,28647002,5/9/2015 23:40,41.97662686,-82.98830684,interpolated
505,28647002,5/10/2015 2:40,41.9757281,-82.98740808,interpolated
506,28647002,5/10/2015 5:40,41.97482935,-82.98650933,interpolated
507,28647002,5/10/2015 8:40,41.97393062,-82.9856106,interpolated
508,28647002,5/10/2015 11:40,41.97303189,-82.98471187,interpolated
509,28647002,5/10/2015 14:40,41.97213316,-82.98381313,interpolated
510,28647002,5/10/2015 17:40,41.97123443,-82.9829144,interpolated
511,28647002,5/10/2015 20:40,41.97033569,-82.98201567,interpolated
512,28647002,5/10/2015 23:40,41.96943698,-82.98111695,interpolated
513,28647002,5/11/2015 2:40,41.96853827,-82.98021825,interpolated
514,28647002,5/11/2015 5:40,41.96763956,-82.97931954,interpolated
515,28647002,5/11/2015 8:40,41.96674086,-82.97842083,interpolated
516,28647002,5/11/2015 11:40,41.96584215,-82.97752213,interpolated
517,28647002,5/11/2015 14:40,41.96494344,-82.97662342,interpolated
518,28647002,5/11/2015 17:40,41.96404476,-82.97572474,interpolated
519,28647002,5/11/2015 20:40,41.96314608,-82.97482605,interpolated
520,28647002,5/11/2015 23:40,41.96224739,-82.97392737,interpolated
521,28647002,5/12/2015 2:40,41.96134871,-82.97302869,interpolated
522,28647002,5/12/2015 5:40,41.96045003,-82.97213001,interpolated
523,28647002,5/12/2015 8:40,41.95955136,-82.97123134,interpolated
524,28647002,5/12/2015 11:40,41.9586527,-82.97033268,interpolated
525,28647002,5/12/2015 14:40,41.95775404,-82.96943402,interpolated
526,28647002,5/12/2015 17:40,41.95685539,-82.96853536,interpolated
527,28647002,5/12/2015 20:40,41.95595673,-82.9676367,interpolated
528,28647002,5/12/2015 23:40,41.95505807,-82.96673805,interpolated
529,28647002,5/13/2015 2:40,41.95415943,-82.96583941,interpolated
530,28647002,5/13/2015 5:40,41.9532608,-82.96494078,interpolated
531,28647002,5/13/2015 8:40,41.95236217,-82.96404215,interpolated
532,28647002,5/13/2015 11:40,41.95146354,-82.96314351,interpolated
533,28647002,5/13/2015 14:40,41.9505649,-82.96224488,interpolated
534,28647002,5/13/2015 17:40,41.94966628,-82.96134625,interpolated
535,28647002,5/13/2015 20:40,41.94876767,-82.96044765,interpolated
536,28647002,5/13/2015 23:40,41.94786906,-82.95954904,interpolated
537,28647002,5/14/2015 2:40,41.94697045,-82.95865043,interpolated
538,28647002,5/14/2015 5:40,41.94607184,-82.95775182,interpolated
539,28647002,5/14/2015 8:40,41.94517323,-82.95685321,interpolated
540,28647002,5/14/2015 11:40,41.94427465,-82.95595462,interpolated
541,28647002,5/14/2015 14:40,41.94337606,-82.95505604,interpolated
542,28647002,5/14/2015 17:40,41.94247748,-82.95415745,interpolated
543,28647002,5/14/2015 20:40,41.94157889,-82.95325887,interpolated
544,28647002,5/14/2015 23:40,41.94068031,-82.95236029,interpolated
545,28647002,5/15/2015 2:40,41.93978173,-82.95146171,interpolated
546,28647002,5/15/2015 5:40,41.93888317,-82.95056315,interpolated
547,28647002,5/15/2015 8:40,41.93798461,-82.94966459,interpolated
548,28647002,5/15/2015 11:40,41.93708605,-82.94876603,interpolated
549,28647002,5/15/2015 14:40,41.93618749,-82.94786747,interpolated
550,28647002,5/15/2015 17:40,41.93528893,-82.94696891,interpolated
551,28647002,5/15/2015 20:40,41.93439039,-82.94607037,interpolated
552,28647002,5/15/2015 23:40,41.93349186,-82.94517183,interpolated
553,28647002,5/16/2015 2:40,41.93259332,-82.9442733,interpolated
554,28647002,5/16/2015 5:40,41.93169479,-82.94337476,interpolated
555,28647002,5/16/2015 8:40,41.93079625,-82.94247623,interpolated
556,28647002,5/16/2015 11:40,41.92989772,-82.9415777,interpolated
557,28647002,5/16/2015 14:40,41.92899921,-82.94067919,interpolated
558,28647002,5/16/2015 17:40,41.9281007,-82.93978068,interpolated
559,28647002,5/16/2015 20:40,41.92720219,-82.93888217,interpolated
560,28647002,5/16/2015 23:40,41.92630368,-82.93798366,interpolated
561,28647002,5/17/2015 2:40,41.92540517,-82.93708515,interpolated
562,28647002,5/17/2015 5:40,41.92450667,-82.93618665,interpolated
563,28647002,5/17/2015 8:40,41.92360819,-82.93528816,interpolated
564,28647002,5/17/2015 11:40,41.9227097,-82.93438968,interpolated
565,28647002,5/17/2015 14:40,41.92181122,-82.93349119,interpolated
566,28647002,5/17/2015 17:40,41.92091273,-82.93259271,interpolated
567,28647002,5/17/2015 20:40,41.92001424,-82.93169422,interpolated
568,28647002,5/17/2015 23:40,41.91911578,-82.93079576,interpolated
569,28647002,5/18/2015 2:40,41.91821732,-82.9298973,interpolated
570,28647002,5/18/2015 5:40,41.91731886,-82.92899884,interpolated
571,28647002,5/18/2015 8:40,41.9164204,-82.92810038,interpolated
572,28647002,5/18/2015 11:40,41.91552194,-82.92720192,interpolated
573,28647002,5/18/2015 14:40,41.91462349,-82.92630347,interpolated
574,28647002,5/18/2015 17:40,41.91372505,-82.92540503,interpolated
575,28647002,5/18/2015 20:40,41.91282662,-82.92450659,interpolated
576,28647002,5/18/2015 23:40,41.91192818,-82.92360816,interpolated
577,28647002,5/19/2015 2:40,41.91102974,-82.92270972,interpolated
578,28647002,5/19/2015 5:40,41.91013131,-82.92181128,interpolated
579,28647002,5/19/2015 8:40,41.90923289,-82.92091287,interpolated
580,28647002,5/19/2015 11:40,41.90833448,-82.92001446,interpolated
581,28647002,5/19/2015 14:40,41.90743607,-82.91911605,interpolated
582,28647002,5/19/2015 17:40,41.90653766,-82.91821763,interpolated
583,28647002,5/19/2015 20:40,41.90563924,-82.91731922,interpolated
584,28647002,5/19/2015 23:40,41.90474084,-82.91642082,interpolated
585,28647002,5/20/2015 2:40,41.90384245,-82.91552243,interpolated
586,28647002,5/20/2015 5:40,41.90294407,-82.91462404,interpolated
587,28647002,5/20/2015 8:40,41.90204568,-82.91372566,interpolated
588,28647002,5/20/2015 11:40,41.90114729,-82.91282727,interpolated
589,28647002,5/20/2015 14:40,41.9002489,-82.91192888,interpolated
590,28647002,5/20/2015 17:40,41.89935053,-82.91103051,interpolated
591,28647002,5/20/2015 20:40,41.89845217,-82.91013215,interpolated
592,28647002,5/20/2015 23:40,41.89755381,-82.90923379,interpolated
593,28647002,5/21/2015 2:40,41.89665545,-82.90833542,interpolated
594,28647002,5/21/2015 5:40,41.89575708,-82.90743706,interpolated
595,28647002,5/21/2015 8:40,41.89485873,-82.9065387,interpolated
596,28647002,5/21/2015 11:40,41.89396039,-82.90564036,interpolated
597,28647002,5/21/2015 14:40,41.89306205,-82.90474203,interpolated
598,28647002,5/21/2015 17:40,41.89216371,-82.90384369,interpolated
599,28647002,5/21/2015 20:40,41.89126537,-82.90294535,interpolated
600,28647002,5/21/2015 23:40,41.89036704,-82.90204701,interpolated
601,28647002,5/22/2015 2:40,41.88946871,-82.90114869,interpolated
602,28647002,5/22/2015 5:40,41.8885704,-82.90025038,interpolated
603,28647002,5/22/2015 8:40,41.88767209,-82.89935206,interpolated
604,28647002,5/22/2015 11:40,41.88677377,-82.89845375,interpolated
605,28647002,5/22/2015 14:40,41.88587546,-82.89755544,interpolated
606,28647002,5/22/2015 17:40,41.88497715,-82.89665712,interpolated
607,28647002,5/22/2015 20:40,41.88407886,-82.89575883,interpolated
608,28647002,5/22/2015 23:40,41.88318057,-82.89486055,interpolated
609,28647002,5/23/2015 2:40,41.88228228,-82.89396226,interpolated
610,28647002,5/23/2015 5:40,41.88138399,-82.89306397,interpolated
611,28647002,5/23/2015 8:40,41.8804857,-82.89216568,interpolated
612,28647002,5/23/2015 11:40,41.87958743,-82.8912674,interpolated
613,28647002,5/23/2015 14:40,41.87868916,-82.89036914,interpolated
614,28647002,5/23/2015 17:40,41.8777909,-82.88947087,interpolated
615,28647002,5/23/2015 20:40,41.87689263,-82.88857261,interpolated
616,28647002,5/23/2015 23:40,41.87599437,-82.88767435,interpolated
617,28647002,5/24/2015 2:40,41.8750961,-82.88677608,interpolated
618,28647002,5/24/2015 5:40,41.87419786,-82.88587784,interpolated
619,28647002,5/24/2015 8:40,41.87329962,-82.8849796,interpolated
620,28647002,5/24/2015 11:40,41.87240138,-82.88408136,interpolated
621,28647002,5/24/2015 14:40,41.87150314,-82.88318312,interpolated
622,28647002,5/24/2015 17:40,41.8706049,-82.88228488,interpolated
623,28647002,5/24/2015 20:40,41.86970667,-82.88138665,interpolated
624,28647002,5/24/2015 23:40,41.86880846,-82.88048843,interpolated
625,28647002,5/25/2015 2:40,41.86791024,-82.87959022,interpolated
626,28647002,5/25/2015 5:40,41.86701203,-82.878692,interpolated
627,28647002,5/25/2015 8:40,41.86611381,-82.87779379,interpolated
628,28647002,5/25/2015 11:40,41.8652156,-82.87689557,interpolated
629,28647002,5/25/2015 14:40,41.8643174,-82.87599738,interpolated
630,28647002,5/25/2015 17:40,41.86341921,-82.87509919,interpolated
631,28647002,5/25/2015 20:40,41.86252102,-82.874201,interpolated
632,28647002,5/25/2015 23:40,41.86162283,-82.87330281,interpolated
633,28647002,5/26/2015 2:40,41.86072464,-82.87240462,interpolated
634,28647002,5/26/2015 5:40,41.85982645,-82.87150643,interpolated
635,28647002,5/26/2015 8:40,41.85892829,-82.87060826,interpolated
636,28647002,5/26/2015 11:40,41.85803012,-82.8697101,interpolated
637,28647002,5/26/2015 14:40,41.85713196,-82.86881193,interpolated
638,28647002,5/26/2015 17:40,41.85623379,-82.86791377,interpolated
639,28647002,5/26/2015 20:40,41.85533562,-82.8670156,interpolated
640,28647002,5/26/2015 23:40,41.85443747,-82.86611745,interpolated
641,28647002,5/27/2015 2:40,41.85353933,-82.86521931,interpolated
642,28647002,5/27/2015 5:40,41.85264119,-82.86432117,interpolated
643,28647002,5/27/2015 8:40,41.85174305,-82.86342303,interpolated
644,28647002,5/27/2015 11:40,41.85084491,-82.86252489,interpolated
645,28647002,5/27/2015 14:40,41.84993755,-82.86164953,interpolated
646,28647002,5/27/2015 17:40,41.84888395,-82.86113591,interpolated
647,28647002,5/27/2015 20:40,41.84783035,-82.86062228,interpolated
648,28647002,5/27/2015 23:40,41.84677675,-82.86010866,interpolated
649,28647002,5/28/2015 2:40,41.84572315,-82.85959503,interpolated
650,28647002,5/28/2015 5:40,41.8444,-82.85895,detection
651,28647002,5/28/2015 8:40,41.8444,-82.85895,interpolated
652,28647002,5/28/2015 11:40,41.8444,-82.85895,interpolated
653,28647002,5/28/2015 14:40,41.8444,-82.85895,interpolated
654,28647002,5/28/2015 17:40,41.8444,-82.85895,interpolated
655,28647002,5/28/2015 20:40,41.8444,-82.85895,interpolated
656,28647002,5/28/2015 23:40,41.8444,-82.85895,interpolated
657,28647002,5/29/2015 2:40,41.8444,-82.85895,detection
658,28647002,5/29/2015 5:40,41.8444,-82.85895,detection
659,28647002,5/29/2015 8:40,41.84477386,-82.85813085,interpolated
660,28647002,5/29/2015 11:40,41.84758757,-82.8519658,interpolated
661,28647002,5/29/2015 14:40,41.85042816,-82.84582366,interpolated
662,28647002,5/29/2015 17:40,41.85343036,-82.83981925,interpolated
663,28647002,5/29/2015 20:40,41.85643264,-82.83381469,interpolated
664,28647002,5/29/2015 23:40,41.85943501,-82.82780996,interpolated
665,28647002,5/30/2015 2:40,41.8624375,-82.82180497,interpolated
666,28647002,5/30/2015 5:40,41.86544005,-82.81579987,interpolated
667,28647002,5/30/2015 8:40,41.86844274,-82.8097945,interpolated
668,28647002,5/30/2015 11:40,41.8714455,-82.80378897,interpolated
669,28647002,5/30/2015 14:40,41.87444835,-82.79778328,interpolated
670,28647002,5/30/2015 17:40,41.87745133,-82.79177732,interpolated
671,28647002,5/30/2015 20:40,41.88045436,-82.78577126,interpolated
672,28647002,5/30/2015 23:40,41.88345753,-82.77976492,interpolated
673,28647002,5/31/2015 2:40,41.885,-82.77316485,interpolated
674,28647002,5/31/2015 5:40,41.885,-82.7659378,interpolated
675,28647002,5/31/2015 8:40,41.885,-82.75871076,interpolated
676,28647002,5/31/2015 11:40,41.885,-82.75148371,interpolated
677,28647002,5/31/2015 14:40,41.885,-82.74425667,interpolated
678,28647002,5/31/2015 17:40,41.885,-82.73702962,interpolated
679,28647002,5/31/2015 20:40,41.885,-82.72980258,interpolated
680,28647002,5/31/2015 23:40,41.885,-82.72257553,interpolated
681,28647002,6/1/2015 2:40,41.885,-82.71534849,interpolated
682,28647002,6/1/2015 5:40,41.885,-82.70812144,interpolated
683,28647002,6/1/2015 8:40,41.885,-82.7008944,interpolated
684,28647002,6/1/2015 11:40,41.885,-82.69366735,interpolated
685,28647002,6/1/2015 14:40,41.885,-82.6864403,interpolated
686,28647002,6/1/2015 17:40,41.885,-82.67921326,interpolated
687,28647002,6/1/2015 20:40,41.885,-82.67198621,interpolated
688,28647002,6/1/2015 23:40,41.885,-82.66475917,interpolated
689,28647002,6/2/2015 2:40,41.885,-82.65753212,interpolated
690,28647002,6/2/2015 5:40,41.885,-82.65030508,interpolated
691,28647002,6/2/2015 8:40,41.885,-82.64307803,interpolated
692,28647002,6/2/2015 11:40,41.885,-82.63585099,interpolated
693,28647002,6/2/2015 14:40,41.885,-82.62862394,interpolated
694,28647002,6/2/2015 17:40,41.885,-82.6213969,interpolated
695,28647002,6/2/2015 20:40,41.885,-82.61416985,interpolated
696,28647002,6/2/2015 23:40,41.885,-82.60694281,interpolated
697,28647002,6/3/2015 2:40,41.885,-82.59971576,interpolated
698,28647002,6/3/2015 5:40,41.885,-82.59248871,interpolated
699,28647002,6/3/2015 8:40,41.88253,-82.58518,detection
700,28647002,6/3/2015 8:40,41.86747,-82.60048,detection
701,28647002,6/3/2015 8:40,41.87418,-82.59327,detection
702,28647002,6/3/2015 8:40,41.88943,-82.57855,detection
703,28647002,6/3/2015 11:40,41.88253,-82.58518,detection
704,28647002,6/3/2015 11:40,41.88943,-82.57855,detection
705,28647002,6/3/2015 11:40,41.89665,-82.56955,detection
706,28647002,6/3/2015 11:40,41.87418,-82.59327,detection
707,28647002,6/3/2015 11:40,41.90338,-82.56247,detection
708,28647002,6/3/2015 11:40,41.91043,-82.55502,detection
709,28647002,6/3/2015 11:40,41.918,-82.54672,detection
710,28647002,6/3/2015 14:40,41.89665,-82.56955,detection
711,28647002,6/3/2015 14:40,41.90338,-82.56247,detection
712,28647002,6/3/2015 14:40,41.88943,-82.57855,detection
713,28647002,6/3/2015 14:40,41.92462,-82.53977,detection
714,28647002,6/3/2015 14:40,41.91043,-82.55502,detection
715,28647002,6/3/2015 14:40,41.918,-82.54672,detection
716,28647002,6/3/2015 14:40,41.85915,-82.60883,detection
717,28647002,6/3/2015 17:40,41.92462,-82.53977,detection
718,28647002,6/3/2015 17:40,41.91043,-82.55502,detection
719,28647002,6/3/2015 17:40,41.918,-82.54672,detection
720,28647002,6/3/2015 20:40,41.92462,-82.53977,detection
721,28647002,6/3/2015 23:40,41.918,-82.54672,detection
722,28647002,6/3/2015 23:40,41.92462,-82.53977,detection
723,28647002,6/3/2015 23:40,41.93202,-82.53175,detection
724,28647002,6/3/2015 23:40,41.91043,-82.55502,detection
725,28647002,6/4/2015 2:40,41.93202,-82.53175,detection
726,28647002,6/4/2015 2:40,41.92462,-82.53977,detection
727,28647002,6/4/2015 2:40,41.90338,-82.56247,detection
728,28647002,6/4/2015 2:40,41.91043,-82.55502,detection
729,28647002,6/4/2015 2:40,41.918,-82.54672,detection
730,28647002,6/4/2015 5:40,41.91043,-82.55502,detection
731,28647002,6/4/2015 5:40,41.918,-82.54672,detection
732,28647002,6/4/2015 5:40,41.92462,-82.53977,detection
733,28647002,6/4/2015 5:40,41.89665,-82.56955,detection
734,28647002,6/4/2015 5:40,41.90338,-82.56247,detection
735,28647002,6/4/2015 8:40,41.91043,-82.55502,detection
736,28647002,6/4/2015 8:40,41.89665,-82.56955,detection
737,28647002,6/4/2015 8:40,41.918,-82.54672,detection
738,28647002,6/4/2015 8:40,41.92462,-82.53977,detection
739,28647002,6/4/2015 8:40,41.90338,-82.56247,detection
740,28647002,6/4/2015 8:40,41.88943,-82.57855,detection
741,28647002,6/4/2015 8:40,41.88253,-82.58518,detection
742,28647002,6/4/2015 11:40,41.91043,-82.55502,detection
743,28647002,6/4/2015 11:40,41.90338,-82.56247,detection
744,28647002,6/4/2015 11:40,41.89665,-82.56955,detection
745,28647002,6/4/2015 11:40,41.88253,-82.58518,detection
746,28647002,6/4/2015 11:40,41.92462,-82.53977,detection
747,28647002,6/4/2015 11:40,41.918,-82.54672,detection
748,28647002,6/4/2015 11:40,41.88943,-82.57855,detection
749,28647002,6/4/2015 14:40,41.91043,-82.55502,detection
750,28647002,6/4/2015 14:40,41.90338,-82.56247,detection
751,28647002,6/4/2015 14:40,41.92462,-82.53977,detection
752,28647002,6/4/2015 14:40,41.918,-82.54672,detection
753,28647002,6/4/2015 14:40,41.89665,-82.56955,detection
754,28647002,6/4/2015 14:40,41.88943,-82.57855,detection
755,28647002,6/4/2015 14:40,41.93202,-82.53175,detection
756,28647002,6/4/2015 17:40,41.91043,-82.55502,detection
757,28647002,6/4/2015 17:40,41.89665,-82.56955,detection
758,28647002,6/4/2015 17:40,41.918,-82.54672,detection
759,28647002,6/4/2015 17:40,41.90338,-82.56247,detection
760,28647002,6/4/2015 20:40,41.91043,-82.55502,detection
761,28647002,6/4/2015 20:40,41.918,-82.54672,detection
762,28647002,6/4/2015 20:40,41.90338,-82.56247,detection
763,28647002,6/4/2015 23:40,41.91043,-82.55502,detection
764,28647002,6/4/2015 23:40,41.918,-82.54672,detection
765,28647002,6/4/2015 23:40,41.90338,-82.56247,detection
766,28647002,6/4/2015 23:40,41.92462,-82.53977,detection
767,28647002,6/5/2015 2:40,41.92462,-82.53977,detection
768,28647002,6/5/2015 2:40,41.90338,-82.56247,detection
769,28647002,6/5/2015 2:40,41.918,-82.54672,detection
770,28647002,6/5/2015 2:40,41.91043,-82.55502,detection
771,28647002,6/5/2015 2:40,41.93202,-82.53175,detection
772,28647002,6/5/2015 5:40,41.92462,-82.53977,detection
773,28647002,6/5/2015 5:40,41.91043,-82.55502,detection
774,28647002,6/5/2015 5:40,41.918,-82.54672,detection
775,28647002,6/5/2015 5:40,41.93202,-82.53175,detection
776,28647002,6/5/2015 8:40,41.91425994,-82.55074914,interpolated
777,28647002,6/5/2015 11:40,41.90338,-82.56247,detection
778,28647002,6/5/2015 11:40,41.88943,-82.57855,detection
779,28647002,6/5/2015 11:40,41.91043,-82.55502,detection
780,28647002,6/5/2015 14:40,41.91043,-82.55502,detection
781,28647002,6/5/2015 14:40,41.88943,-82.57855,detection
782,28647002,6/5/2015 14:40,41.90338,-82.56247,detection
783,28647002,6/5/2015 14:40,41.89665,-82.56955,detection
784,28647002,6/5/2015 14:40,41.918,-82.54672,detection
785,28647002,6/5/2015 17:40,41.90338,-82.56247,detection
786,28647002,6/5/2015 17:40,41.91043,-82.55502,detection
787,28647002,6/5/2015 17:40,41.89665,-82.56955,detection
788,28647002,6/5/2015 17:40,41.88943,-82.57855,detection
789,28647002,6/5/2015 17:40,41.918,-82.54672,detection
790,28647002,6/5/2015 20:40,41.91043,-82.55502,detection
791,28647002,6/5/2015 20:40,41.90338,-82.56247,detection
792,28647002,6/5/2015 20:40,41.918,-82.54672,detection
793,28647002,6/5/2015 20:40,41.89665,-82.56955,detection
794,28647002,6/5/2015 20:40,41.88943,-82.57855,detection
795,28647002,6/5/2015 23:40,41.90338,-82.56247,detection
796,28647002,6/5/2015 23:40,41.91043,-82.55502,detection
797,28647002,6/6/2015 2:40,41.91043,-82.55502,detection
798,28647002,6/6/2015 2:40,41.90338,-82.56247,detection
799,28647002,6/6/2015 2:40,41.918,-82.54672,detection
800,28647002,6/6/2015 5:40,41.91043,-82.55502,detection
801,28647002,6/6/2015 8:40,41.91043,-82.55502,detection
802,28647002,6/6/2015 11:40,41.918,-82.54672,detection
803,28647002,6/6/2015 11:40,41.93202,-82.53175,detection
804,28647002,6/6/2015 11:40,41.91043,-82.55502,detection
805,28647002,6/6/2015 11:40,41.88943,-82.57855,detection
806,28647002,6/6/2015 11:40,41.90338,-82.56247,detection
807,28647002,6/6/2015 11:40,41.88253,-82.58518,detection
808,28647002,6/6/2015 11:40,41.89665,-82.56955,detection
809,28647002,6/6/2015 14:40,41.88959979,-82.57833835,interpolated
810,28647002,6/6/2015 17:40,41.89167655,-82.57574959,interpolated
811,28647002,6/6/2015 20:40,41.89375331,-82.57316083,interpolated
812,28647002,6/6/2015 23:40,41.89665,-82.56955,detection
813,28647002,6/6/2015 23:40,41.91043,-82.55502,detection
814,28647002,6/6/2015 23:40,41.92462,-82.53977,detection
815,28647002,6/6/2015 23:40,41.93202,-82.53175,detection
816,28647002,6/6/2015 23:40,41.918,-82.54672,detection
817,28647002,6/6/2015 23:40,41.90338,-82.56247,detection
818,28647002,6/7/2015 2:40,41.918,-82.54672,detection
819,28647002,6/7/2015 2:40,41.91043,-82.55502,detection
820,28647002,6/7/2015 5:40,41.91043,-82.55502,detection
821,28647002,6/7/2015 5:40,41.90338,-82.56247,detection
822,28647002,6/7/2015 5:40,41.89665,-82.56955,detection
823,28647002,6/7/2015 8:40,41.90338,-82.56247,detection
824,28647002,6/7/2015 8:40,41.91043,-82.55502,detection
825,28647002,6/7/2015 8:40,41.88943,-82.57855,detection
826,28647002,6/7/2015 11:40,41.88943,-82.57855,detection
827,28647002,6/7/2015 11:40,41.88253,-82.58518,detection
828,28647002,6/7/2015 11:40,41.91043,-82.55502,detection
829,28647002,6/7/2015 11:40,41.92462,-82.53977,detection
830,28647002,6/7/2015 11:40,41.90338,-82.56247,detection
831,28647002,6/7/2015 11:40,41.918,-82.54672,detection
832,28647002,6/7/2015 11:40,41.89665,-82.56955,detection
833,28647002,6/7/2015 11:40,41.93202,-82.53175,detection
834,28647002,6/7/2015 14:40,41.91043,-82.55502,detection
835,28647002,6/7/2015 14:40,41.918,-82.54672,detection
836,28647002,6/7/2015 14:40,41.92462,-82.53977,detection
837,28647002,6/7/2015 14:40,41.93202,-82.53175,detection
838,28647002,6/7/2015 14:40,41.90338,-82.56247,detection
839,28647002,6/7/2015 14:40,41.88943,-82.57855,detection
840,28647002,6/7/2015 14:40,41.88253,-82.58518,detection
841,28647002,6/7/2015 14:40,41.87418,-82.59327,detection
842,28647002,6/7/2015 14:40,41.85915,-82.60883,detection
843,28647002,6/7/2015 17:40,41.90338,-82.56247,detection
844,28647002,6/7/2015 17:40,41.88253,-82.58518,detection
845,28647002,6/7/2015 17:40,41.87418,-82.59327,detection
846,28647002,6/7/2015 17:40,41.91043,-82.55502,detection
847,28647002,6/7/2015 20:40,41.91101671,-82.55394928,interpolated
848,28647002,6/7/2015 23:40,41.91179486,-82.55252919,interpolated
849,28647002,6/8/2015 2:40,41.91257302,-82.5511091,interpolated
850,28647002,6/8/2015 5:40,41.91335117,-82.54968901,interpolated
851,28647002,6/8/2015 8:40,41.91412932,-82.54826892,interpolated
852,28647002,6/8/2015 11:40,41.91490747,-82.54684884,interpolated
853,28647002,6/8/2015 14:40,41.91564481,-82.54539035,interpolated
854,28647002,6/8/2015 17:40,41.91637665,-82.54392668,interpolated
855,28647002,6/8/2015 20:40,41.91710848,-82.54246301,interpolated
856,28647002,6/8/2015 23:40,41.91784032,-82.54099934,interpolated
857,28647002,6/9/2015 2:40,41.91857215,-82.53953567,interpolated
858,28647002,6/9/2015 5:40,41.91930399,-82.538072,interpolated
859,28647002,6/9/2015 8:40,41.92003582,-82.53660833,interpolated
860,28647002,6/9/2015 11:40,41.9207677,-82.53514458,interpolated
861,28647002,6/9/2015 14:40,41.92149957,-82.53368084,interpolated
862,28647002,6/9/2015 17:40,41.92223144,-82.53221709,interpolated
863,28647002,6/9/2015 20:40,41.92296332,-82.53075334,interpolated
864,28647002,6/9/2015 23:40,41.92369519,-82.52928959,interpolated
865,28647002,6/10/2015 2:40,41.92442707,-82.52782585,interpolated
866,28647002,6/10/2015 5:40,41.92515895,-82.52636208,interpolated
867,28647002,6/10/2015 8:40,41.92589086,-82.52489826,interpolated
868,28647002,6/10/2015 11:40,41.92662277,-82.52343443,interpolated
869,28647002,6/10/2015 14:40,41.92735469,-82.5219706,interpolated
870,28647002,6/10/2015 17:40,41.9280866,-82.52050678,interpolated
871,28647002,6/10/2015 20:40,41.92881851,-82.51904295,interpolated
872,28647002,6/10/2015 23:40,41.92955043,-82.51757913,interpolated
873,28647002,6/11/2015 2:40,41.93028235,-82.51611527,interpolated
874,28647002,6/11/2015 5:40,41.93101431,-82.51465137,interpolated
875,28647002,6/11/2015 8:40,41.93174626,-82.51318746,interpolated
876,28647002,6/11/2015 11:40,41.93247821,-82.51172356,interpolated
877,28647002,6/11/2015 14:40,41.93321016,-82.51025965,interpolated
878,28647002,6/11/2015 17:40,41.93394211,-82.50879575,interpolated
879,28647002,6/11/2015 20:40,41.93467407,-82.50733184,interpolated
880,28647002,6/11/2015 23:40,41.93540604,-82.5058679,interpolated
881,28647002,6/12/2015 2:40,41.93613803,-82.50440391,interpolated
882,28647002,6/12/2015 5:40,41.93687002,-82.50293993,interpolated
883,28647002,6/12/2015 8:40,41.93760202,-82.50147595,interpolated
884,28647002,6/12/2015 11:40,41.93833401,-82.50001196,interpolated
885,28647002,6/12/2015 14:40,41.939066,-82.49854798,interpolated
886,28647002,6/12/2015 17:40,41.93979799,-82.497084,interpolated
887,28647002,6/12/2015 20:40,41.94053001,-82.49561996,interpolated
888,28647002,6/12/2015 23:40,41.94126204,-82.4941559,interpolated
889,28647002,6/13/2015 2:40,41.94199407,-82.49269183,interpolated
890,28647002,6/13/2015 5:40,41.9427261,-82.49122777,interpolated
891,28647002,6/13/2015 8:40,41.94345813,-82.48976371,interpolated
892,28647002,6/13/2015 11:40,41.94419016,-82.48829965,interpolated
893,28647002,6/13/2015 14:40,41.94492219,-82.48683559,interpolated
894,28647002,6/13/2015 17:40,41.94565426,-82.48537146,interpolated
895,28647002,6/13/2015 20:40,41.94638633,-82.48390732,interpolated
896,28647002,6/13/2015 23:40,41.9471184,-82.48244318,interpolated
897,28647002,6/14/2015 2:40,41.94785047,-82.48097904,interpolated
898,28647002,6/14/2015 5:40,41.94858254,-82.47951489,interpolated
899,28647002,6/14/2015 8:40,41.94931461,-82.47805075,interpolated
900,28647002,6/14/2015 11:40,41.95004668,-82.47658661,interpolated
901,28647002,6/14/2015 14:40,41.95077879,-82.47512239,interpolated
902,28647002,6/14/2015 17:40,41.9515109,-82.47365817,interpolated
903,28647002,6/14/2015 20:40,41.95224301,-82.47219395,interpolated
904,28647002,6/14/2015 23:40,41.95297512,-82.47072973,interpolated
905,28647002,6/15/2015 2:40,41.95370723,-82.46926552,interpolated
906,28647002,6/15/2015 5:40,41.95443934,-82.4678013,interpolated
907,28647002,6/15/2015 8:40,41.95517146,-82.46633706,interpolated
908,28647002,6/15/2015 11:40,41.95590361,-82.46487276,interpolated
909,28647002,6/15/2015 14:40,41.95663576,-82.46340847,interpolated
910,28647002,6/15/2015 17:40,41.9573679,-82.46194417,interpolated
911,28647002,6/15/2015 20:40,41.95810005,-82.46047987,interpolated
912,28647002,6/15/2015 23:40,41.9588322,-82.45901557,interpolated
913,28647002,6/16/2015 2:40,41.95956435,-82.45755128,interpolated
914,28647002,6/16/2015 5:40,41.96029652,-82.45608695,interpolated
915,28647002,6/16/2015 8:40,41.9610287,-82.45462257,interpolated
916,28647002,6/16/2015 11:40,41.96176089,-82.45315819,interpolated
917,28647002,6/16/2015 14:40,41.96249308,-82.45169382,interpolated
918,28647002,6/16/2015 17:40,41.96322527,-82.45022944,interpolated
919,28647002,6/16/2015 20:40,41.96395746,-82.44876507,interpolated
920,28647002,6/16/2015 23:40,41.96468964,-82.44730069,interpolated
921,28647002,6/17/2015 2:40,41.96542185,-82.44583627,interpolated
922,28647002,6/17/2015 5:40,41.96615408,-82.44437181,interpolated
923,28647002,6/17/2015 8:40,41.96688631,-82.44290736,interpolated
924,28647002,6/17/2015 11:40,41.96761854,-82.44144291,interpolated
925,28647002,6/17/2015 14:40,41.96835076,-82.43997845,interpolated
926,28647002,6/17/2015 17:40,41.96908299,-82.438514,interpolated
927,28647002,6/17/2015 20:40,41.96981522,-82.43704954,interpolated
928,28647002,6/17/2015 23:40,41.97054747,-82.43558503,interpolated
929,28647002,6/18/2015 2:40,41.97127974,-82.43412049,interpolated
930,28647002,6/18/2015 5:40,41.97201201,-82.43265596,interpolated
931,28647002,6/18/2015 8:40,41.97274427,-82.43119143,interpolated
932,28647002,6/18/2015 11:40,41.97347654,-82.4297269,interpolated
933,28647002,6/18/2015 14:40,41.97420881,-82.42826236,interpolated
934,28647002,6/18/2015 17:40,41.97494107,-82.42679783,interpolated
935,28647002,6/18/2015 20:40,41.97567338,-82.42533322,interpolated
936,28647002,6/18/2015 23:40,41.97640568,-82.42386861,interpolated
937,28647002,6/19/2015 2:40,41.97713799,-82.422404,interpolated
938,28647002,6/19/2015 5:40,41.97787029,-82.42093939,interpolated
939,28647002,6/19/2015 8:40,41.9786026,-82.41947478,interpolated
940,28647002,6/19/2015 11:40,41.97933491,-82.41801016,interpolated
941,28647002,6/19/2015 14:40,41.98006722,-82.41654554,interpolated
942,28647002,6/19/2015 17:40,41.98079956,-82.41508085,interpolated
943,28647002,6/19/2015 20:40,41.98153191,-82.41361616,interpolated
944,28647002,6/19/2015 23:40,41.98226425,-82.41215147,interpolated
945,28647002,6/20/2015 2:40,41.9829966,-82.41068678,interpolated
946,28647002,6/20/2015 5:40,41.98372894,-82.40922209,interpolated
947,28647002,6/20/2015 8:40,41.98446129,-82.4077574,interpolated
948,28647002,6/20/2015 11:40,41.98519364,-82.40629269,interpolated
949,28647002,6/20/2015 14:40,41.98592603,-82.40482792,interpolated
950,28647002,6/20/2015 17:40,41.98665841,-82.40336315,interpolated
951,28647002,6/20/2015 20:40,41.9873908,-82.40189838,interpolated
952,28647002,6/20/2015 23:40,41.98812318,-82.40043361,interpolated
953,28647002,6/21/2015 2:40,41.98885557,-82.39896884,interpolated
954,28647002,6/21/2015 5:40,41.98958795,-82.39750407,interpolated
955,28647002,6/21/2015 8:40,41.99032035,-82.39603927,interpolated
956,28647002,6/21/2015 11:40,41.99105278,-82.39457442,interpolated
957,28647002,6/21/2015 14:40,41.9917852,-82.39310957,interpolated
958,28647002,6/21/2015 17:40,41.99251763,-82.39164473,interpolated
959,28647002,6/21/2015 20:40,41.99325005,-82.39017988,interpolated
960,28647002,6/21/2015 23:40,41.99398247,-82.38871503,interpolated
961,28647002,6/22/2015 2:40,41.9947149,-82.38725018,interpolated
962,28647002,6/22/2015 5:40,41.99544735,-82.38578529,interpolated
963,28647002,6/22/2015 8:40,41.99617981,-82.38432036,interpolated
964,28647002,6/22/2015 11:40,41.99691227,-82.38285543,interpolated
965,28647002,6/22/2015 14:40,41.99764474,-82.38139051,interpolated
966,28647002,6/22/2015 17:40,41.9983772,-82.37992558,interpolated
967,28647002,6/22/2015 20:40,41.99910966,-82.37846065,interpolated
968,28647002,6/22/2015 23:40,41.99984213,-82.37699573,interpolated
969,28647002,6/23/2015 2:40,42.00057462,-82.37553074,interpolated
970,28647002,6/23/2015 5:40,42.00130712,-82.37406573,interpolated
971,28647002,6/23/2015 8:40,42.00203963,-82.37260073,interpolated
972,28647002,6/23/2015 11:40,42.00277213,-82.37113572,interpolated
973,28647002,6/23/2015 14:40,42.00350463,-82.36967072,interpolated
974,28647002,6/23/2015 17:40,42.00423713,-82.36820571,interpolated
975,28647002,6/23/2015 20:40,42.00496964,-82.3667407,interpolated
976,28647002,6/23/2015 23:40,42.00570218,-82.36527562,interpolated
977,28647002,6/24/2015 2:40,42.00643472,-82.36381054,interpolated
978,28647002,6/24/2015 5:40,42.00716726,-82.36234546,interpolated
979,28647002,6/24/2015 8:40,42.0078998,-82.36088037,interpolated
980,28647002,6/24/2015 11:40,42.00863234,-82.35941529,interpolated
981,28647002,6/24/2015 14:40,42.00936489,-82.3579502,interpolated
982,28647002,6/24/2015 17:40,42.01009743,-82.35648511,interpolated
983,28647002,6/24/2015 20:40,42.01083002,-82.35501995,interpolated
984,28647002,6/24/2015 23:40,42.0115626,-82.35355478,interpolated
985,28647002,6/25/2015 2:40,42.01229518,-82.35208962,interpolated
986,28647002,6/25/2015 5:40,42.01302776,-82.35062446,interpolated
987,28647002,6/25/2015 8:40,42.01376034,-82.34915929,interpolated
988,28647002,6/25/2015 11:40,42.01449292,-82.34769413,interpolated
989,28647002,6/25/2015 14:40,42.01522552,-82.34622894,interpolated
990,28647002,6/25/2015 17:40,42.01595814,-82.3447637,interpolated
991,28647002,6/25/2015 20:40,42.01669076,-82.34329846,interpolated
992,28647002,6/25/2015 23:40,42.01742338,-82.34183322,interpolated
993,28647002,6/26/2015 2:40,42.018156,-82.34036798,interpolated
994,28647002,6/26/2015 5:40,42.01888862,-82.33890273,interpolated
995,28647002,6/26/2015 8:40,42.01962124,-82.33743749,interpolated
996,28647002,6/26/2015 11:40,42.02035388,-82.33597221,interpolated
997,28647002,6/26/2015 14:40,42.02108654,-82.33450689,interpolated
998,28647002,6/26/2015 17:40,42.0218192,-82.33304157,interpolated
999,28647002,6/26/2015 20:40,42.02255186,-82.33157625,interpolated
1000,28647002,6/26/2015 23:40,42.02328452,-82.33011093,interpolated
1001,28647002,6/27/2015 2:40,42.02401718,-82.32864561,interpolated
1002,28647002,6/27/2015 5:40,42.02474984,-82.32718029,interpolated
1003,28647002,6/27/2015 8:40,42.02548253,-82.32571492,interpolated
1004,28647002,6/27/2015 11:40,42.02621523,-82.32424952,interpolated
1005,28647002,6/27/2015 14:40,42.02694793,-82.32278412,interpolated
1006,28647002,6/27/2015 17:40,42.02768063,-82.32131872,interpolated
1007,28647002,6/27/2015 20:40,42.02841333,-82.31985332,interpolated
1008,28647002,6/27/2015 23:40,42.02914603,-82.31838792,interpolated
1009,28647002,6/28/2015 2:40,42.02987873,-82.31692252,interpolated
1010,28647002,6/28/2015 5:40,42.03061146,-82.31545706,interpolated
1011,28647002,6/28/2015 8:40,42.0313442,-82.31399158,interpolated
1012,28647002,6/28/2015 11:40,42.03207694,-82.3125261,interpolated
1013,28647002,6/28/2015 14:40,42.03280968,-82.31106062,interpolated
1014,28647002,6/28/2015 17:40,42.03354242,-82.30959514,interpolated
1015,28647002,6/28/2015 20:40,42.03427516,-82.30812967,interpolated
1016,28647002,6/28/2015 23:40,42.03500789,-82.30666419,interpolated
1017,28647002,6/29/2015 2:40,42.03574067,-82.30519863,interpolated
1018,28647002,6/29/2015 5:40,42.03647345,-82.30373307,interpolated
1019,28647002,6/29/2015 8:40,42.03720623,-82.30226752,interpolated
1020,28647002,6/29/2015 11:40,42.03793901,-82.30080196,interpolated
1021,28647002,6/29/2015 14:40,42.03867179,-82.2993364,interpolated
1022,28647002,6/29/2015 17:40,42.03940457,-82.29787085,interpolated
1023,28647002,6/29/2015 20:40,42.04013735,-82.29640527,interpolated
1024,28647002,6/29/2015 23:40,42.04087017,-82.29493964,interpolated
1025,28647002,6/30/2015 2:40,42.04160299,-82.293474,interpolated
1026,28647002,6/30/2015 5:40,42.04233581,-82.29200837,interpolated
1027,28647002,6/30/2015 8:40,42.04306862,-82.29054273,interpolated
1028,28647002,6/30/2015 11:40,42.04380144,-82.2890771,interpolated
1029,28647002,6/30/2015 14:40,42.04453426,-82.28761146,interpolated
1030,28647002,6/30/2015 17:40,42.04526709,-82.28614579,interpolated
1031,28647002,6/30/2015 20:40,42.04599995,-82.28468008,interpolated
1032,28647002,6/30/2015 23:40,42.04673281,-82.28321437,interpolated
1033,28647002,7/1/2015 2:40,42.04746566,-82.28174865,interpolated
1034,28647002,7/1/2015 5:40,42.04819852,-82.28028294,interpolated
1035,28647002,7/1/2015 8:40,42.04893138,-82.27881722,interpolated
1036,28647002,7/1/2015 11:40,42.04966424,-82.27735151,interpolated
1037,28647002,7/1/2015 14:40,42.05039711,-82.27588575,interpolated
1038,28647002,7/1/2015 17:40,42.05113001,-82.27441996,interpolated
1039,28647002,7/1/2015 20:40,42.05186291,-82.27295416,interpolated
1040,28647002,7/1/2015 23:40,42.0525958,-82.27148837,interpolated
1041,28647002,7/2/2015 2:40,42.0533287,-82.27002258,interpolated
1042,28647002,7/2/2015 5:40,42.0540616,-82.26855678,interpolated
1043,28647002,7/2/2015 8:40,42.05479449,-82.26709099,interpolated
1044,28647002,7/2/2015 11:40,42.05552742,-82.26562514,interpolated
1045,28647002,7/2/2015 14:40,42.05626036,-82.26415927,interpolated
1046,28647002,7/2/2015 17:40,42.05699329,-82.26269339,interpolated
1047,28647002,7/2/2015 20:40,42.05772623,-82.26122752,interpolated
1048,28647002,7/2/2015 23:40,42.05845916,-82.25976165,interpolated
1049,28647002,7/3/2015 2:40,42.0591921,-82.25829578,interpolated
1050,28647002,7/3/2015 5:40,42.05992504,-82.2568299,interpolated
1051,28647002,7/3/2015 8:40,42.06065801,-82.25536396,interpolated
1052,28647002,7/3/2015 11:40,42.06139098,-82.25389801,interpolated
1053,28647002,7/3/2015 14:40,42.06212396,-82.25243206,interpolated
1054,28647002,7/3/2015 17:40,42.06285694,-82.25096611,interpolated
1055,28647002,7/3/2015 20:40,42.06358991,-82.24950015,interpolated
1056,28647002,7/3/2015 23:40,42.06432289,-82.2480342,interpolated
1057,28647002,7/4/2015 2:40,42.06505587,-82.24656825,interpolated
1058,28647002,7/4/2015 5:40,42.06578888,-82.24510222,interpolated
1059,28647002,7/4/2015 8:40,42.0665219,-82.24363619,interpolated
1060,28647002,7/4/2015 11:40,42.06725491,-82.24217016,interpolated
1061,28647002,7/4/2015 14:40,42.06798793,-82.24070413,interpolated
1062,28647002,7/4/2015 17:40,42.06872094,-82.2392381,interpolated
1063,28647002,7/4/2015 20:40,42.06945396,-82.23777206,interpolated
1064,28647002,7/4/2015 23:40,42.07018698,-82.23630601,interpolated
1065,28647002,7/5/2015 2:40,42.07092004,-82.23483991,interpolated
1066,28647002,7/5/2015 5:40,42.07165309,-82.2333738,interpolated
1067,28647002,7/5/2015 8:40,42.07238614,-82.23190769,interpolated
1068,28647002,7/5/2015 11:40,42.0731192,-82.23044158,interpolated
1069,28647002,7/5/2015 14:40,42.07385225,-82.22897547,interpolated
1070,28647002,7/5/2015 17:40,42.07458531,-82.22750936,interpolated
1071,28647002,7/5/2015 20:40,42.07531838,-82.22604322,interpolated
1072,28647002,7/5/2015 23:40,42.07605147,-82.22457703,interpolated
1073,28647002,7/6/2015 2:40,42.07678457,-82.22311084,interpolated
1074,28647002,7/6/2015 5:40,42.07751766,-82.22164465,interpolated
1075,28647002,7/6/2015 8:40,42.07825076,-82.22017846,interpolated
1076,28647002,7/6/2015 11:40,42.07898385,-82.21871228,interpolated
1077,28647002,7/6/2015 14:40,42.07971694,-82.21724609,interpolated
1078,28647002,7/6/2015 17:40,42.08045006,-82.21577985,interpolated
1079,28647002,7/6/2015 20:40,42.0811832,-82.21431358,interpolated
1080,28647002,7/6/2015 23:40,42.08191633,-82.21284732,interpolated
1081,28647002,7/7/2015 2:40,42.08264946,-82.21138105,interpolated
1082,28647002,7/7/2015 5:40,42.0833826,-82.20991478,interpolated
1083,28647002,7/7/2015 8:40,42.08411573,-82.20844852,interpolated
1084,28647002,7/7/2015 11:40,42.08484886,-82.20698225,interpolated
1085,28647002,7/7/2015 14:40,42.08558203,-82.20551592,interpolated
1086,28647002,7/7/2015 17:40,42.0863152,-82.20404957,interpolated
1087,28647002,7/7/2015 20:40,42.08704838,-82.20258323,interpolated
1088,28647002,7/7/2015 23:40,42.08778155,-82.20111688,interpolated
1089,28647002,7/8/2015 2:40,42.08851472,-82.19965053,interpolated
1090,28647002,7/8/2015 5:40,42.08924789,-82.19818419,interpolated
1091,28647002,7/8/2015 8:40,42.08998107,-82.19671784,interpolated
1092,28647002,7/8/2015 11:40,42.09071428,-82.19525142,interpolated
1093,28647002,7/8/2015 14:40,42.09144749,-82.19378499,interpolated
1094,28647002,7/8/2015 17:40,42.0921807,-82.19231857,interpolated
1095,28647002,7/8/2015 20:40,42.09291392,-82.19085214,interpolated
1096,28647002,7/8/2015 23:40,42.09364713,-82.18938572,interpolated
1097,28647002,7/9/2015 2:40,42.09438034,-82.18791929,interpolated
1098,28647002,7/9/2015 5:40,42.09511356,-82.18645286,interpolated
1099,28647002,7/9/2015 8:40,42.09584681,-82.18498635,interpolated
1100,28647002,7/9/2015 11:40,42.09658006,-82.18351985,interpolated
1101,28647002,7/9/2015 14:40,42.09731332,-82.18205334,interpolated
1102,28647002,7/9/2015 17:40,42.09804657,-82.18058684,interpolated
1103,28647002,7/9/2015 20:40,42.09877982,-82.17912034,interpolated
1104,28647002,7/9/2015 23:40,42.09951307,-82.17765383,interpolated
1105,28647002,7/10/2015 2:40,42.10024634,-82.1761873,interpolated
1106,28647002,7/10/2015 5:40,42.10097963,-82.17472072,interpolated
1107,28647002,7/10/2015 8:40,42.10171292,-82.17325414,interpolated
1108,28647002,7/10/2015 11:40,42.10244621,-82.17178755,interpolated
1109,28647002,7/10/2015 14:40,42.1031795,-82.17032097,interpolated
1110,28647002,7/10/2015 17:40,42.10391279,-82.16885439,interpolated
1111,28647002,7/10/2015 20:40,42.10464609,-82.1673878,interpolated
1112,28647002,7/10/2015 23:40,42.1053794,-82.16592118,interpolated
1113,28647002,7/11/2015 2:40,42.10611273,-82.16445452,interpolated
1114,28647002,7/11/2015 5:40,42.10684606,-82.16298786,interpolated
1115,28647002,7/11/2015 8:40,42.10757939,-82.16152119,interpolated
1116,28647002,7/11/2015 11:40,42.10831272,-82.16005453,interpolated
1117,28647002,7/11/2015 14:40,42.10904605,-82.15858787,interpolated
1118,28647002,7/11/2015 17:40,42.10977938,-82.15712121,interpolated
1119,28647002,7/11/2015 20:40,42.11051274,-82.15565449,interpolated
1120,28647002,7/11/2015 23:40,42.11124611,-82.15418775,interpolated
1121,28647002,7/12/2015 2:40,42.11197948,-82.15272101,interpolated
1122,28647002,7/12/2015 5:40,42.11271286,-82.15125427,interpolated
1123,28647002,7/12/2015 8:40,42.11344623,-82.14978753,interpolated
1124,28647002,7/12/2015 11:40,42.1141796,-82.14832078,interpolated
1125,28647002,7/12/2015 14:40,42.11491297,-82.14685404,interpolated
1126,28647002,7/12/2015 17:40,42.11564637,-82.14538723,interpolated
1127,28647002,7/12/2015 20:40,42.11637978,-82.14392041,interpolated
1128,28647002,7/12/2015 23:40,42.11711319,-82.14245359,interpolated
1129,28647002,7/13/2015 2:40,42.1178466,-82.14098677,interpolated
1130,28647002,7/13/2015 5:40,42.11858001,-82.13951995,interpolated
1131,28647002,7/13/2015 8:40,42.11931342,-82.13805313,interpolated
1132,28647002,7/13/2015 11:40,42.12004684,-82.13658631,interpolated
1133,28647002,7/13/2015 14:40,42.12078028,-82.13511941,interpolated
1134,28647002,7/13/2015 17:40,42.12151373,-82.13365251,interpolated
1135,28647002,7/13/2015 20:40,42.12224718,-82.13218561,interpolated
1136,28647002,7/13/2015 23:40,42.12298063,-82.13071871,interpolated
1137,28647002,7/14/2015 2:40,42.12371408,-82.12925181,interpolated
1138,28647002,7/14/2015 5:40,42.12444753,-82.12778491,interpolated
1139,28647002,7/14/2015 8:40,42.12518099,-82.12631799,interpolated
1140,28647002,7/14/2015 11:40,42.12591448,-82.12485101,interpolated
1141,28647002,7/14/2015 14:40,42.12664797,-82.12338404,interpolated
1142,28647002,7/14/2015 17:40,42.12738146,-82.12191706,interpolated
1143,28647002,7/14/2015 20:40,42.12811495,-82.12045008,interpolated
1144,28647002,7/14/2015 23:40,42.12884844,-82.1189831,interpolated
1145,28647002,7/15/2015 2:40,42.12958193,-82.11751612,interpolated
1146,28647002,7/15/2015 5:40,42.13031543,-82.11604911,interpolated
1147,28647002,7/15/2015 8:40,42.13104896,-82.11458205,interpolated
1148,28647002,7/15/2015 11:40,42.13178249,-82.11311499,interpolated
1149,28647002,7/15/2015 14:40,42.13251602,-82.11164794,interpolated
1150,28647002,7/15/2015 17:40,42.13324955,-82.11018088,interpolated
1151,28647002,7/15/2015 20:40,42.13398308,-82.10871382,interpolated
1152,28647002,7/15/2015 23:40,42.13471661,-82.10724677,interpolated
1153,28647002,7/16/2015 2:40,42.13545016,-82.10577966,interpolated
1154,28647002,7/16/2015 5:40,42.13618373,-82.10431252,interpolated
1155,28647002,7/16/2015 8:40,42.1369173,-82.10284539,interpolated
1156,28647002,7/16/2015 11:40,42.13765086,-82.10137825,interpolated
1157,28647002,7/16/2015 14:40,42.13838443,-82.09991111,interpolated
1158,28647002,7/16/2015 17:40,42.139118,-82.09844398,interpolated
1159,28647002,7/16/2015 20:40,42.13985157,-82.09697684,interpolated
1160,28647002,7/16/2015 23:40,42.14058517,-82.09550964,interpolated
1161,28647002,7/17/2015 2:40,42.14131878,-82.09404242,interpolated
1162,28647002,7/17/2015 5:40,42.14205238,-82.09257521,interpolated
1163,28647002,7/17/2015 8:40,42.14278599,-82.09110799,interpolated
1164,28647002,7/17/2015 11:40,42.1435196,-82.08964078,interpolated
1165,28647002,7/17/2015 14:40,42.14425321,-82.08817356,interpolated
1166,28647002,7/17/2015 17:40,42.14498682,-82.08670635,interpolated
1167,28647002,7/17/2015 20:40,42.14572046,-82.08523905,interpolated
1168,28647002,7/17/2015 23:40,42.14645411,-82.08377176,interpolated
1169,28647002,7/18/2015 2:40,42.14718776,-82.08230446,interpolated
1170,28647002,7/18/2015 5:40,42.1479214,-82.08083717,interpolated
1171,28647002,7/18/2015 8:40,42.14865505,-82.07936987,interpolated
1172,28647002,7/18/2015 11:40,42.1493887,-82.07790258,interpolated
1173,28647002,7/18/2015 14:40,42.15012235,-82.07643527,interpolated
1174,28647002,7/18/2015 17:40,42.15085604,-82.0749679,interpolated
1175,28647002,7/18/2015 20:40,42.15158973,-82.07350052,interpolated
1176,28647002,7/18/2015 23:40,42.15232341,-82.07203315,interpolated
1177,28647002,7/19/2015 2:40,42.1530571,-82.07056577,interpolated
1178,28647002,7/19/2015 5:40,42.15379079,-82.0690984,interpolated
1179,28647002,7/19/2015 8:40,42.15452448,-82.06763103,interpolated
1180,28647002,7/19/2015 11:40,42.15525818,-82.06616362,interpolated
1181,28647002,7/19/2015 14:40,42.1559919,-82.06469617,interpolated
1182,28647002,7/19/2015 17:40,42.15672563,-82.06322872,interpolated
1183,28647002,7/19/2015 20:40,42.15745936,-82.06176127,interpolated
1184,28647002,7/19/2015 23:40,42.15819308,-82.06029381,interpolated
1185,28647002,7/20/2015 2:40,42.15892681,-82.05882636,interpolated
1186,28647002,7/20/2015 5:40,42.15966054,-82.05735891,interpolated
1187,28647002,7/20/2015 8:40,42.16039428,-82.05589141,interpolated
1188,28647002,7/20/2015 11:40,42.16112805,-82.05442388,interpolated
1189,28647002,7/20/2015 14:40,42.16186182,-82.05295635,interpolated
1190,28647002,7/20/2015 17:40,42.16259558,-82.05148881,interpolated
1191,28647002,7/20/2015 20:40,42.16332935,-82.05002128,interpolated
1192,28647002,7/20/2015 23:40,42.16406311,-82.04855375,interpolated
1193,28647002,7/21/2015 2:40,42.16479688,-82.04708622,interpolated
1194,28647002,7/21/2015 5:40,42.16553068,-82.04561863,interpolated
1195,28647002,7/21/2015 8:40,42.16626448,-82.04415101,interpolated
1196,28647002,7/21/2015 11:40,42.16699829,-82.0426834,interpolated
1197,28647002,7/21/2015 14:40,42.16773209,-82.04121579,interpolated
1198,28647002,7/21/2015 17:40,42.1684659,-82.03974818,interpolated
1199,28647002,7/21/2015 20:40,42.1691997,-82.03828057,interpolated
1200,28647002,7/21/2015 23:40,42.16993351,-82.03681296,interpolated
1201,28647002,7/22/2015 2:40,42.17066735,-82.03534527,interpolated
1202,28647002,7/22/2015 5:40,42.1714012,-82.03387758,interpolated
1203,28647002,7/22/2015 8:40,42.17213504,-82.03240989,interpolated
1204,28647002,7/22/2015 11:40,42.17286889,-82.0309422,interpolated
1205,28647002,7/22/2015 14:40,42.17360273,-82.02947451,interpolated
1206,28647002,7/22/2015 17:40,42.17433658,-82.02800682,interpolated
1207,28647002,7/22/2015 20:40,42.17507043,-82.02653912,interpolated
1208,28647002,7/22/2015 23:40,42.17580431,-82.02507135,interpolated
1209,28647002,7/23/2015 2:40,42.1765382,-82.02360358,interpolated
1210,28647002,7/23/2015 5:40,42.17727208,-82.02213581,interpolated
1211,28647002,7/23/2015 8:40,42.17800597,-82.02066804,interpolated
1212,28647002,7/23/2015 11:40,42.17873985,-82.01920027,interpolated
1213,28647002,7/23/2015 14:40,42.17947374,-82.0177325,interpolated
1214,28647002,7/23/2015 17:40,42.18020763,-82.01626471,interpolated
1215,28647002,7/23/2015 20:40,42.18094156,-82.01479686,interpolated
1216,28647002,7/23/2015 23:40,42.18167548,-82.01332901,interpolated
1217,28647002,7/24/2015 2:40,42.18240941,-82.01186116,interpolated
1218,28647002,7/24/2015 5:40,42.18314333,-82.01039331,interpolated
1219,28647002,7/24/2015 8:40,42.18387726,-82.00892546,interpolated
1220,28647002,7/24/2015 11:40,42.18461118,-82.00745761,interpolated
1221,28647002,7/24/2015 14:40,42.18534513,-82.00598973,interpolated
1222,28647002,7/24/2015 17:40,42.18607909,-82.0045218,interpolated
1223,28647002,7/24/2015 20:40,42.18681305,-82.00305387,interpolated
1224,28647002,7/24/2015 23:40,42.18754702,-82.00158594,interpolated
1225,28647002,7/25/2015 2:40,42.18828098,-82.00011801,interpolated
1226,28647002,7/25/2015 5:40,42.18901495,-81.99865008,interpolated
1227,28647002,7/25/2015 8:40,42.18974891,-81.99718216,interpolated
1228,28647002,7/25/2015 11:40,42.1904829,-81.99571417,interpolated
1229,28647002,7/25/2015 14:40,42.19121691,-81.99424617,interpolated
1230,28647002,7/25/2015 17:40,42.19195091,-81.99277816,interpolated
1231,28647002,7/25/2015 20:40,42.19268491,-81.99131015,interpolated
1232,28647002,7/25/2015 23:40,42.19341892,-81.98984214,interpolated
1233,28647002,7/26/2015 2:40,42.19415292,-81.98837414,interpolated
1234,28647002,7/26/2015 5:40,42.19488692,-81.98690613,interpolated
1235,28647002,7/26/2015 8:40,42.19562096,-81.98543805,interpolated
1236,28647002,7/26/2015 11:40,42.19635501,-81.98396997,interpolated
1237,28647002,7/26/2015 14:40,42.19708905,-81.98250188,interpolated
1238,28647002,7/26/2015 17:40,42.19782309,-81.98103379,interpolated
1239,28647002,7/26/2015 20:40,42.19855714,-81.9795657,interpolated
1240,28647002,7/26/2015 23:40,42.19929118,-81.97809762,interpolated
1241,28647002,7/27/2015 2:40,42.20002522,-81.97662953,interpolated
1242,28647002,7/27/2015 5:40,42.20075931,-81.97516136,interpolated
1243,28647002,7/27/2015 8:40,42.20149339,-81.9736932,interpolated
1244,28647002,7/27/2015 11:40,42.20222747,-81.97222503,interpolated
1245,28647002,7/27/2015 14:40,42.20296156,-81.97075686,interpolated
1246,28647002,7/27/2015 17:40,42.20369564,-81.9692887,interpolated
1247,28647002,7/27/2015 20:40,42.20442972,-81.96782053,interpolated
1248,28647002,7/27/2015 23:40,42.20516382,-81.96635235,interpolated
1249,28647002,7/28/2015 2:40,42.20589794,-81.9648841,interpolated
1250,28647002,7/28/2015 5:40,42.20663206,-81.96341585,interpolated
1251,28647002,7/28/2015 8:40,42.20736618,-81.96194761,interpolated
1252,28647002,7/28/2015 11:40,42.20810031,-81.96047936,interpolated
1253,28647002,7/28/2015 14:40,42.20883443,-81.95901112,interpolated
1254,28647002,7/28/2015 17:40,42.20956855,-81.95754287,interpolated
1255,28647002,7/28/2015 20:40,42.21030269,-81.95607459,interpolated
1256,28647002,7/28/2015 23:40,42.21103685,-81.95460627,interpolated
1257,28647002,7/29/2015 2:40,42.21177102,-81.95313794,interpolated
1258,28647002,7/29/2015 5:40,42.21250518,-81.95166962,interpolated
1259,28647002,7/29/2015 8:40,42.21323934,-81.95020129,interpolated
1260,28647002,7/29/2015 11:40,42.2139735,-81.94873297,interpolated
1261,28647002,7/29/2015 14:40,42.21470767,-81.94726464,interpolated
1262,28647002,7/29/2015 17:40,42.21544185,-81.94579627,interpolated
1263,28647002,7/29/2015 20:40,42.21617606,-81.94432787,interpolated
1264,28647002,7/29/2015 23:40,42.21691026,-81.94285946,interpolated
1265,28647002,7/30/2015 2:40,42.21764446,-81.94139106,interpolated
1266,28647002,7/30/2015 5:40,42.21837866,-81.93992265,interpolated
1267,28647002,7/30/2015 8:40,42.21911286,-81.93845425,interpolated
1268,28647002,7/30/2015 11:40,42.21984707,-81.93698584,interpolated
1269,28647002,7/30/2015 14:40,42.2205813,-81.93551738,interpolated
1270,28647002,7/30/2015 17:40,42.22131554,-81.93404889,interpolated
1271,28647002,7/30/2015 20:40,42.22204978,-81.93258041,interpolated
1272,28647002,7/30/2015 23:40,42.22278403,-81.93111193,interpolated
1273,28647002,7/31/2015 2:40,42.22351827,-81.92964344,interpolated
1274,28647002,7/31/2015 5:40,42.22425251,-81.92817496,interpolated
1275,28647002,7/31/2015 8:40,42.22498675,-81.92670647,interpolated
1276,28647002,7/31/2015 11:40,42.22572103,-81.92523791,interpolated
1277,28647002,7/31/2015 14:40,42.22645531,-81.92376935,interpolated
1278,28647002,7/31/2015 17:40,42.2271896,-81.92230079,interpolated
1279,28647002,7/31/2015 20:40,42.22792388,-81.92083222,interpolated
1280,28647002,7/31/2015 23:40,42.22865816,-81.91936366,interpolated
1281,28647002,8/1/2015 2:40,42.22939244,-81.9178951,interpolated
1282,28647002,8/1/2015 5:40,42.23012673,-81.91642652,interpolated
1283,28647002,8/1/2015 8:40,42.23086105,-81.91495788,interpolated
1284,28647002,8/1/2015 11:40,42.23159537,-81.91348924,interpolated
1285,28647002,8/1/2015 14:40,42.23232969,-81.91202059,interpolated
1286,28647002,8/1/2015 17:40,42.23306401,-81.91055195,interpolated
1287,28647002,8/1/2015 20:40,42.23379833,-81.90908331,interpolated
1288,28647002,8/1/2015 23:40,42.23453266,-81.90761467,interpolated
1289,28647002,8/2/2015 2:40,42.23526699,-81.90614599,interpolated
1290,28647002,8/2/2015 5:40,42.23600135,-81.90467727,interpolated
1291,28647002,8/2/2015 8:40,42.23673571,-81.90320855,interpolated
1292,28647002,8/2/2015 11:40,42.23747007,-81.90173983,interpolated
1293,28647002,8/2/2015 14:40,42.23820443,-81.90027111,interpolated
1294,28647002,8/2/2015 17:40,42.2389388,-81.89880239,interpolated
1295,28647002,8/2/2015 20:40,42.23967316,-81.89733366,interpolated
1296,28647002,8/2/2015 23:40,42.24040754,-81.8958649,interpolated
1297,28647002,8/3/2015 2:40,42.24114194,-81.8943961,interpolated
1298,28647002,8/3/2015 5:40,42.24187634,-81.89292729,interpolated
1299,28647002,8/3/2015 8:40,42.24261074,-81.89145849,interpolated
1300,28647002,8/3/2015 11:40,42.24334514,-81.88998969,interpolated
1301,28647002,8/3/2015 14:40,42.24407954,-81.88852089,interpolated
1302,28647002,8/3/2015 17:40,42.24481394,-81.88705209,interpolated
1303,28647002,8/3/2015 20:40,42.24554837,-81.88558323,interpolated
1304,28647002,8/3/2015 23:40,42.24628281,-81.88411435,interpolated
1305,28647002,8/4/2015 2:40,42.24701725,-81.88264547,interpolated
1306,28647002,8/4/2015 5:40,42.2477517,-81.88117659,interpolated
1307,28647002,8/4/2015 8:40,42.24848614,-81.87970771,interpolated
1308,28647002,8/4/2015 11:40,42.24922058,-81.87823883,interpolated
1309,28647002,8/4/2015 14:40,42.24995502,-81.87676994,interpolated
1310,28647002,8/4/2015 17:40,42.25068949,-81.87530099,interpolated
1311,28647002,8/4/2015 20:40,42.25142397,-81.87383203,interpolated
1312,28647002,8/4/2015 23:40,42.25215845,-81.87236307,interpolated
1313,28647002,8/5/2015 2:40,42.25289293,-81.87089411,interpolated
1314,28647002,8/5/2015 5:40,42.25362741,-81.86942515,interpolated
1315,28647002,8/5/2015 8:40,42.25436189,-81.86795619,interpolated
1316,28647002,8/5/2015 11:40,42.25509638,-81.86648722,interpolated
1317,28647002,8/5/2015 14:40,42.2558309,-81.86501818,interpolated
1318,28647002,8/5/2015 17:40,42.25656542,-81.86354914,interpolated
1319,28647002,8/5/2015 20:40,42.25729994,-81.8620801,interpolated
1320,28647002,8/5/2015 23:40,42.25803446,-81.86061106,interpolated
1321,28647002,8/6/2015 2:40,42.25876898,-81.85914202,interpolated
1322,28647002,8/6/2015 5:40,42.2595035,-81.85767298,interpolated
1323,28647002,8/6/2015 8:40,42.26023803,-81.85620391,interpolated
1324,28647002,8/6/2015 11:40,42.26097259,-81.8547348,interpolated
1325,28647002,8/6/2015 14:40,42.26170715,-81.85326568,interpolated
1326,28647002,8/6/2015 17:40,42.26244171,-81.85179656,interpolated
1327,28647002,8/6/2015 20:40,42.26317627,-81.85032744,interpolated
1328,28647002,8/6/2015 23:40,42.26391083,-81.84885832,interpolated
1329,28647002,8/7/2015 2:40,42.26464539,-81.8473892,interpolated
1330,28647002,8/7/2015 5:40,42.265,-81.84576393,interpolated
1331,28647002,8/7/2015 8:40,42.265,-81.84399291,interpolated
1332,28647002,8/7/2015 11:40,42.265,-81.8422219,interpolated
1333,28647002,8/7/2015 14:40,42.265,-81.84045089,interpolated
1334,28647002,8/7/2015 17:40,42.265,-81.83867988,interpolated
1335,28647002,8/7/2015 20:40,42.265,-81.83690886,interpolated
1336,28647002,8/7/2015 23:40,42.265,-81.83513785,interpolated
1337,28647002,8/8/2015 2:40,42.265,-81.83336684,interpolated
1338,28647002,8/8/2015 5:40,42.26495265,-81.83162505,interpolated
1339,28647002,8/8/2015 8:40,42.26395609,-81.83046905,interpolated
1340,28647002,8/8/2015 11:40,42.2625,-81.82878,detection
1341,28647002,8/8/2015 14:40,42.2625,-81.82878,detection
1342,28647002,8/8/2015 17:40,42.26122286,-81.82729457,interpolated
1343,28647002,8/8/2015 20:40,42.25778747,-81.8232989,interpolated
1344,28647002,8/8/2015 23:40,42.25435207,-81.81930323,interpolated
1345,28647002,8/9/2015 2:40,42.25091668,-81.81530756,interpolated
1346,28647002,8/9/2015 5:40,42.24748128,-81.81131189,interpolated
1347,28647002,8/9/2015 8:40,42.24404589,-81.80731622,interpolated
1348,28647002,8/9/2015 11:40,42.24061049,-81.80332055,interpolated
1349,28647002,8/9/2015 14:40,42.2371751,-81.79932488,interpolated
1350,28647002,8/9/2015 17:40,42.2337397,-81.79532921,interpolated
1351,28647002,8/9/2015 20:40,42.23030431,-81.79133354,interpolated
1352,28647002,8/9/2015 23:40,42.2243,-81.78435,detection
1353,28647002,8/10/2015 2:40,42.2243,-81.78435,detection
1354,28647002,8/10/2015 5:40,42.2243,-81.78435,detection
1355,28647002,8/10/2015 8:40,42.2243,-81.78435,detection
1356,28647002,8/10/2015 11:40,42.2243,-81.78435,detection
1357,28647002,8/10/2015 14:40,42.2243,-81.78435,interpolated
1358,28647002,8/10/2015 17:40,42.2243,-81.78435,interpolated
1359,28647002,8/10/2015 20:40,42.2243,-81.78435,interpolated
1360,28647002,8/10/2015 23:40,42.2243,-81.78435,detection
1361,28647002,8/11/2015 2:40,42.22253786,-81.78120683,interpolated
1362,28647002,8/11/2015 5:40,42.21701351,-81.770707,interpolated
1363,28647002,8/11/2015 8:40,42.21021865,-81.76189862,interpolated
1364,28647002,8/11/2015 11:40,42.20254232,-81.75422229,interpolated
1365,28647002,8/11/2015 14:40,42.19486628,-81.74654626,interpolated
1366,28647002,8/11/2015 17:40,42.18369,-81.7361,detection
